1555919386369,3,-0.5673828,1.453125,9.7578125,Cywee Accelerometer Sensor
1555919386370,3,-0.60546875,1.3544922,9.7890625,Cywee Accelerometer Sensor
1555919386371,3,-0.63671875,1.3378906,9.7734375,Cywee Accelerometer Sensor
1555919386371,3,-0.6557617,1.3710938,9.7578125,Cywee Accelerometer Sensor
1555919386372,3,-0.7011719,1.359375,9.7421875,Cywee Accelerometer Sensor
1555919386372,3,-0.72753906,1.328125,9.6796875,Cywee Accelerometer Sensor
1555919386373,3,-0.7441406,1.2568359,9.6796875,Cywee Accelerometer Sensor
1555919386373,1,801.0,Cywee Step Counter
1555919386374,3,-0.8066406,1.2177734,9.6875,Cywee Accelerometer Sensor
1555919386374,3,-0.890625,1.1796875,9.671875,Cywee Accelerometer Sensor
1555919386398,3,-0.93603516,1.1220703,9.703125,Cywee Accelerometer Sensor
1555919386399,3,-1.0166016,0.99316406,9.71875,Cywee Accelerometer Sensor
1555919386427,3,-1.0839844,0.9121094,9.703125,Cywee Accelerometer Sensor
1555919386428,3,-1.1347656,0.9428711,9.7265625,Cywee Accelerometer Sensor
1555919386428,3,-1.1298828,1.0361328,9.7578125,Cywee Accelerometer Sensor
1555919386448,3,-1.1416016,1.0693359,9.7265625,Cywee Accelerometer Sensor
1555919386451,3,-1.1513672,1.0361328,9.6953125,Cywee Accelerometer Sensor
1555919386452,3,-1.1298828,0.95751953,9.671875,Cywee Accelerometer Sensor
1555919386478,3,-1.1367188,0.92871094,9.671875,Cywee Accelerometer Sensor
1555919386478,3,-1.1298828,0.9145508,9.75,Cywee Accelerometer Sensor
1555919386479,3,-1.1484375,0.89501953,9.8125,Cywee Accelerometer Sensor
1555919386508,3,-1.1728516,0.87109375,9.796875,Cywee Accelerometer Sensor
1555919386509,3,-1.1845703,0.87109375,9.8046875,Cywee Accelerometer Sensor
1555919386509,3,-1.1484375,0.9189453,9.8125,Cywee Accelerometer Sensor
1555919386543,3,-1.1054688,0.8808594,9.828125,Cywee Accelerometer Sensor
1555919386544,3,-1.0390625,0.8496094,9.8046875,Cywee Accelerometer Sensor
1555919386545,3,-1.0166016,0.90234375,9.8828125,Cywee Accelerometer Sensor
1555919386569,3,-0.9980469,0.95996094,9.90625,Cywee Accelerometer Sensor
1555919386570,3,-0.9716797,1.03125,9.9140625,Cywee Accelerometer Sensor
1555919386571,3,-0.8857422,1.0742188,9.8984375,Cywee Accelerometer Sensor
1555919386597,3,-0.80908203,1.1464844,9.8515625,Cywee Accelerometer Sensor
1555919386601,3,-0.7421875,1.1845703,9.8671875,Cywee Accelerometer Sensor
1555919386601,3,-0.72265625,1.1367188,9.8984375,Cywee Accelerometer Sensor
1555919386627,3,-0.75878906,1.0292969,9.90625,Cywee Accelerometer Sensor
1555919386628,3,-0.7036133,0.87597656,9.8828125,Cywee Accelerometer Sensor
1555919386630,3,-0.7084961,0.75878906,9.921875,Cywee Accelerometer Sensor
1555919386660,3,-0.7441406,0.71777344,9.890625,Cywee Accelerometer Sensor
1555919386661,3,-0.72998047,0.75878906,9.8515625,Cywee Accelerometer Sensor
1555919386662,3,-0.72265625,0.7421875,9.8515625,Cywee Accelerometer Sensor
1555919386693,3,-0.7036133,0.6870117,9.8046875,Cywee Accelerometer Sensor
1555919386694,3,-0.7011719,0.6748047,9.7578125,Cywee Accelerometer Sensor
1555919386696,3,-0.72753906,0.61035156,9.796875,Cywee Accelerometer Sensor
1555919386701,3,-6.4765625,-36.5,-11.59375,Cywee Magnetic field Sensor
1555919386707,3,-0.75390625,0.4165039,9.796875,Cywee Accelerometer Sensor
1555919386709,3,-0.69189453,0.37329102,9.796875,Cywee Accelerometer Sensor
1555919386737,3,-0.72753906,0.20349121,9.7109375,Cywee Accelerometer Sensor
1555919386738,3,-0.6821289,0.13635254,9.59375,Cywee Accelerometer Sensor
1555919386740,3,-0.6870117,0.093322754,9.578125,Cywee Accelerometer Sensor
1555919386768,3,-0.7397461,0.1005249,9.5234375,Cywee Accelerometer Sensor
1555919386771,3,-0.72021484,0.18188477,9.4140625,Cywee Accelerometer Sensor
1555919386773,3,-0.7661133,0.20825195,9.3203125,Cywee Accelerometer Sensor
1555919386799,3,-0.84472656,0.19152832,9.15625,Cywee Accelerometer Sensor
1555919386800,3,-0.93847656,0.17944336,9.0234375,Cywee Accelerometer Sensor
1555919386801,3,-1.0097656,0.15075684,8.875,Cywee Accelerometer Sensor
1555919386826,3,-1.0625,0.1315918,8.6796875,Cywee Accelerometer Sensor
1555919386827,3,-1.1269531,0.12445068,8.4921875,Cywee Accelerometer Sensor
1555919386828,3,-1.1894531,0.11968994,8.25,Cywee Accelerometer Sensor
1555919386857,3,-1.2060547,0.16516113,7.8828125,Cywee Accelerometer Sensor
1555919386858,3,-1.2060547,0.16516113,7.8828125,Cywee Accelerometer Sensor
1555919386860,3,-0.6411133,0.2626953,0.16821289,Cywee Gyroscope Sensor
1555919386863,3,-1.6113281,-0.47436523,-2.0078125,Cywee Linear Acceleration
1555919386870,5,0.021438599,0.033172607,0.9970703,0.06550389,0.0,Cywee Rotation Vector
1555919386871,3,-1.1845703,0.24414062,7.4609375,Cywee Accelerometer Sensor
1555919386877,3,-1.1220703,0.30395508,7.0234375,Cywee Accelerometer Sensor
1555919386877,3,-1.0693359,0.2536621,6.5585938,Cywee Accelerometer Sensor
1555919386906,3,-1.0029297,0.07897949,6.1679688,Cywee Accelerometer Sensor
1555919386907,3,-6.4765625,-35.59375,-14.0,Cywee Magnetic field Sensor
1555919386908,3,-0.9790039,-0.07421875,5.7617188,Cywee Accelerometer Sensor
1555919386908,3,-1.0166016,-0.18908691,5.4609375,Cywee Accelerometer Sensor
1555919386939,3,-1.0820312,-0.23217773,5.1992188,Cywee Accelerometer Sensor
1555919386940,3,-1.1894531,-0.265625,4.9453125,Cywee Accelerometer Sensor
1555919386940,3,-1.2851562,-0.31347656,4.7109375,Cywee Accelerometer Sensor
1555919386969,3,-1.4267578,-0.34936523,4.4804688,Cywee Accelerometer Sensor
1555919386970,3,-1.6347656,-0.36621094,4.3320312,Cywee Accelerometer Sensor
1555919386971,3,-1.9121094,-0.35424805,4.2421875,Cywee Accelerometer Sensor
1555919386995,3,-2.3125,-0.296875,4.3984375,Cywee Accelerometer Sensor
1555919386998,3,-2.859375,-0.39501953,4.9257812,Cywee Accelerometer Sensor
1555919386998,3,-3.609375,-0.7397461,5.4414062,Cywee Accelerometer Sensor
1555919387025,3,-4.3515625,-0.8232422,5.953125,Cywee Accelerometer Sensor
1555919387026,3,-4.9882812,-0.9814453,6.609375,Cywee Accelerometer Sensor
1555919387026,3,-5.6015625,-1.265625,6.9648438,Cywee Accelerometer Sensor
1555919387057,3,-6.1328125,-1.0,7.0546875,Cywee Accelerometer Sensor
1555919387059,3,-6.515625,-0.60302734,7.0117188,Cywee Accelerometer Sensor
1555919387060,3,-0.9038086,3.3046875,1.46875,Cywee Gyroscope Sensor
1555919387062,3,-3.5507812,0.33618164,-2.4003906,Cywee Linear Acceleration
1555919387063,5,0.15319824,0.05041504,-0.9863281,0.03384497,0.0,Cywee Rotation Vector
1555919387064,3,-6.9570312,-0.49780273,6.7421875,Cywee Accelerometer Sensor
1555919387089,3,-7.4296875,-0.4260254,6.3046875,Cywee Accelerometer Sensor
1555919387091,3,-7.9296875,-0.23937988,5.8476562,Cywee Accelerometer Sensor
1555919387092,3,-8.5390625,-0.057434082,5.4765625,Cywee Accelerometer Sensor
1555919387092,3,-5.2578125,-29.296875,-26.296875,Cywee Magnetic field Sensor
1555919387120,3,-9.234375,0.15795898,5.3359375,Cywee Accelerometer Sensor
1555919387123,3,-9.9453125,0.32543945,5.234375,Cywee Accelerometer Sensor
1555919387124,3,-10.6328125,0.5263672,5.2421875,Cywee Accelerometer Sensor
1555919387145,3,-11.3359375,0.4165039,5.3476562,Cywee Accelerometer Sensor
1555919387148,3,-12.0390625,-0.11248779,5.1015625,Cywee Accelerometer Sensor
1555919387149,3,-12.6796875,-0.59814453,4.9101562,Cywee Accelerometer Sensor
1555919387174,3,-13.359375,-0.93115234,4.7734375,Cywee Accelerometer Sensor
1555919387176,3,-13.84375,-1.1650391,4.5820312,Cywee Accelerometer Sensor
1555919387177,3,-14.328125,-1.4716797,4.2890625,Cywee Accelerometer Sensor
1555919387205,3,-14.8125,-1.9990234,3.9414062,Cywee Accelerometer Sensor
1555919387206,3,-15.046875,-2.640625,3.5957031,Cywee Accelerometer Sensor
1555919387207,3,-15.09375,-3.0917969,3.3535156,Cywee Accelerometer Sensor
1555919387235,3,-15.046875,-3.3359375,3.3984375,Cywee Accelerometer Sensor
1555919387236,3,-14.9921875,-3.5859375,3.6308594,Cywee Accelerometer Sensor
1555919387237,3,-14.78125,-3.9082031,3.8125,Cywee Accelerometer Sensor
1555919387265,3,-14.3984375,-4.1796875,3.7871094,Cywee Accelerometer Sensor
1555919387266,3,-5.046875,1.9912109,2.5527344,Cywee Gyroscope Sensor
1555919387267,3,-5.6875,-1.7451172,-0.07373047,Cywee Linear Acceleration
1555919387267,5,0.43701172,0.34326172,-0.7661133,0.3228972,0.0,Cywee Rotation Vector
1555919387268,3,-13.921875,-4.2578125,3.6484375,Cywee Accelerometer Sensor
1555919387268,3,-13.4140625,-4.1054688,3.3339844,Cywee Accelerometer Sensor
1555919387294,3,-13.0234375,-3.90625,2.9414062,Cywee Accelerometer Sensor
1555919387295,3,-12.65625,-3.609375,2.515625,Cywee Accelerometer Sensor
1555919387296,3,6.3398438,1.5996094,-41.59375,Cywee Magnetic field Sensor
1555919387296,3,-12.25,-3.1640625,2.1679688,Cywee Accelerometer Sensor
1555919387324,3,-11.984375,-2.71875,1.8886719,Cywee Accelerometer Sensor
1555919387325,3,-11.8125,-2.4042969,1.7158203,Cywee Accelerometer Sensor
1555919387325,3,-11.5625,-2.2519531,1.6064453,Cywee Accelerometer Sensor
1555919387354,3,-11.3125,-2.3359375,1.5751953,Cywee Accelerometer Sensor
1555919387354,3,-11.0390625,-2.5664062,1.5341797,Cywee Accelerometer Sensor
1555919387355,3,-10.6875,-2.7753906,1.4287109,Cywee Accelerometer Sensor
1555919387384,3,-10.3984375,-2.9921875,1.3837891,Cywee Accelerometer Sensor
1555919387384,3,-10.1484375,-3.1933594,1.3857422,Cywee Accelerometer Sensor
1555919387385,3,-9.921875,-3.40625,1.4003906,Cywee Accelerometer Sensor
1555919387414,3,-9.703125,-3.5253906,1.5078125,Cywee Accelerometer Sensor
1555919387415,3,-9.3515625,-3.6503906,1.8408203,Cywee Accelerometer Sensor
1555919387433,3,-9.21875,-3.6640625,2.0058594,Cywee Accelerometer Sensor
1555919387434,3,-9.1640625,-3.5761719,2.1289062,Cywee Accelerometer Sensor
1555919387466,3,-9.0859375,-3.4472656,2.2089844,Cywee Accelerometer Sensor
1555919387467,3,0.41625977,-1.6074219,0.63427734,Cywee Linear Acceleration
1555919387467,5,0.42333984,0.4963379,-0.59033203,0.47533163,0.0,Cywee Rotation Vector
1555919387467,3,-9.0546875,-3.3164062,2.3164062,Cywee Accelerometer Sensor
1555919387468,3,-9.0625,-3.1308594,2.3066406,Cywee Accelerometer Sensor
1555919387499,3,-9.03125,-2.8886719,2.2226562,Cywee Accelerometer Sensor
1555919387499,3,10.5,17.1875,-39.1875,Cywee Magnetic field Sensor
1555919387500,3,-8.7890625,-2.5371094,1.9912109,Cywee Accelerometer Sensor
1555919387547,3,-8.515625,-2.4882812,1.5917969,Cywee Accelerometer Sensor
1555919387548,3,-8.390625,-2.6582031,1.2734375,Cywee Accelerometer Sensor
1555919387577,3,-8.7109375,-2.8125,1.0214844,Cywee Accelerometer Sensor
1555919387578,3,-8.765625,-2.9921875,0.9741211,Cywee Accelerometer Sensor
1555919387612,3,-8.8515625,-3.1875,0.8881836,Cywee Accelerometer Sensor
1555919387613,3,-8.8125,-3.3691406,0.90722656,Cywee Accelerometer Sensor
1555919387652,3,-8.7734375,-3.8007812,0.9980469,Cywee Accelerometer Sensor
1555919387653,3,0.7036133,-2.0214844,-0.3618164,Cywee Linear Acceleration
1555919387654,5,0.25585938,0.6035156,-0.41967773,0.62783396,0.0,Cywee Rotation Vector
1555919387654,3,-8.921875,-3.7773438,1.2734375,Cywee Accelerometer Sensor
1555919387692,3,-9.1328125,-3.5703125,1.5751953,Cywee Accelerometer Sensor
1555919387693,3,-1.3271484,-0.079711914,-0.6347656,Cywee Gyroscope Sensor
1555919387693,3,7.2070312,36.09375,-23.890625,Cywee Magnetic field Sensor
1555919387694,3,-8.921875,-3.4414062,1.6230469,Cywee Accelerometer Sensor
1555919387732,3,-9.078125,-3.2734375,1.7402344,Cywee Accelerometer Sensor
1555919387732,3,-9.2734375,-3.1015625,1.9414062,Cywee Accelerometer Sensor
1555919387772,3,-9.3359375,-2.8378906,2.09375,Cywee Accelerometer Sensor
1555919387772,3,-9.40625,-2.5527344,2.1679688,Cywee Accelerometer Sensor
1555919387811,3,-9.390625,-2.3183594,2.2226562,Cywee Accelerometer Sensor
1555919387812,3,-9.2734375,-2.15625,2.2851562,Cywee Accelerometer Sensor
1555919387852,3,-9.265625,-2.0488281,2.3027344,Cywee Accelerometer Sensor
1555919387853,3,-0.32373047,1.5849609,0.36547852,Cywee Linear Acceleration
1555919387853,5,0.20227051,0.6040039,-0.49487305,0.59107244,0.0,Cywee Rotation Vector
1555919387854,3,-9.203125,-1.9365234,2.359375,Cywee Accelerometer Sensor
1555919387891,3,-9.078125,-1.9414062,2.4296875,Cywee Accelerometer Sensor
1555919387892,3,0.9194336,0.2479248,-1.0761719,Cywee Gyroscope Sensor
1555919387893,3,1.4892578,31.296875,-30.796875,Cywee Magnetic field Sensor
1555919387893,3,-8.9765625,-1.9072266,2.5292969,Cywee Accelerometer Sensor
1555919387931,3,-8.96875,-1.8671875,2.546875,Cywee Accelerometer Sensor
1555919387931,3,-8.9765625,-1.8740234,2.5625,Cywee Accelerometer Sensor
1555919387971,3,-8.9296875,-1.859375,2.5195312,Cywee Accelerometer Sensor
1555919387971,3,-8.9140625,-1.7636719,2.5058594,Cywee Accelerometer Sensor
1555919388010,3,-8.96875,-1.7304688,2.4824219,Cywee Accelerometer Sensor
1555919388011,3,-9.0625,-1.7324219,2.4199219,Cywee Accelerometer Sensor
1555919388050,3,-9.109375,-1.75,2.3261719,Cywee Accelerometer Sensor
1555919388051,3,-0.56884766,2.4433594,-0.021881104,Cywee Linear Acceleration
1555919388052,5,0.1940918,0.58935547,-0.5463867,0.5625389,0.0,Cywee Rotation Vector
1555919388052,3,-9.1328125,-1.8066406,2.3378906,Cywee Accelerometer Sensor
1555919388090,3,-9.1953125,-1.9580078,2.3789062,Cywee Accelerometer Sensor
1555919388091,3,0.11419678,-0.14245605,-0.30200195,Cywee Gyroscope Sensor
1555919388092,3,-2.3183594,28.890625,-33.1875,Cywee Magnetic field Sensor
1555919388092,3,-9.1875,-2.0585938,2.328125,Cywee Accelerometer Sensor
1555919388129,3,-9.1171875,-2.1132812,2.28125,Cywee Accelerometer Sensor
1555919388130,3,-9.0,-2.1542969,2.2304688,Cywee Accelerometer Sensor
1555919388169,3,-8.8515625,-2.1640625,2.1386719,Cywee Accelerometer Sensor
1555919388170,3,-8.8203125,-2.1640625,2.0820312,Cywee Accelerometer Sensor
1555919388209,3,-8.734375,-2.1523438,2.0039062,Cywee Accelerometer Sensor
1555919388210,3,-8.71875,-2.1464844,1.9814453,Cywee Accelerometer Sensor
1555919388249,3,-8.828125,-2.1582031,1.9726562,Cywee Accelerometer Sensor
1555919388250,3,-0.0031356812,1.1357422,-0.5595703,Cywee Linear Acceleration
1555919388251,5,0.20507812,0.57421875,-0.50878906,0.6077413,0.0,Cywee Rotation Vector
1555919388251,3,-8.8984375,-2.2070312,2.1269531,Cywee Accelerometer Sensor
1555919388289,3,-8.8828125,-2.3398438,1.8740234,Cywee Accelerometer Sensor
1555919388290,3,-0.14221191,-0.15209961,0.3618164,Cywee Gyroscope Sensor
1555919388291,3,-1.7998047,27.09375,-35.28125,Cywee Magnetic field Sensor
1555919388291,3,-8.9765625,-2.3769531,1.5751953,Cywee Accelerometer Sensor
1555919388328,3,-9.171875,-2.3496094,1.5458984,Cywee Accelerometer Sensor
1555919388329,3,-9.3203125,-2.3613281,1.5097656,Cywee Accelerometer Sensor
1555919388368,3,-9.4765625,-2.4316406,1.5722656,Cywee Accelerometer Sensor
1555919388369,3,-9.515625,-2.484375,1.5488281,Cywee Accelerometer Sensor
1555919388408,3,-9.4765625,-2.5136719,1.5458984,Cywee Accelerometer Sensor
1555919388409,3,-9.3125,-2.5625,1.4716797,Cywee Accelerometer Sensor
1555919388448,3,-9.203125,-2.6660156,1.4794922,Cywee Accelerometer Sensor
1555919388449,3,0.019699097,-0.28125,-1.0517578,Cywee Linear Acceleration
1555919388450,5,0.20837402,0.5756836,-0.44970703,0.65033245,0.0,Cywee Rotation Vector
1555919388450,3,-9.0234375,-2.7617188,1.5917969,Cywee Accelerometer Sensor
1555919388488,3,-8.8046875,-2.8027344,1.7353516,Cywee Accelerometer Sensor
1555919388489,3,-0.4284668,0.1607666,0.53222656,Cywee Gyroscope Sensor
1555919388489,3,1.3193359,30.09375,-31.09375,Cywee Magnetic field Sensor
1555919388490,3,-8.765625,-2.8261719,1.7832031,Cywee Accelerometer Sensor
1555919388527,3,-8.7578125,-2.8046875,1.7353516,Cywee Accelerometer Sensor
1555919388528,3,-8.875,-2.7285156,1.7041016,Cywee Accelerometer Sensor
1555919388567,3,-9.1796875,-2.6054688,1.7070312,Cywee Accelerometer Sensor
1555919388567,3,-9.296875,-2.5234375,1.7255859,Cywee Accelerometer Sensor
1555919400269,3,-9.140625,-2.3144531,2.5273438,Cywee Accelerometer Sensor
1555919400269,3,-9.125,-2.328125,2.5410156,Cywee Accelerometer Sensor
1555919400270,3,0.089904785,0.085754395,0.15393066,Cywee Linear Acceleration
1555919400270,5,-0.3474121,0.5131836,0.26416016,0.739031,0.0,Cywee Rotation Vector
1555919400271,3,-9.140625,-2.3027344,2.5234375,Cywee Accelerometer Sensor
1555919400271,3,-9.1640625,-2.328125,2.5078125,Cywee Accelerometer Sensor
1555919400271,3,-0.0836792,0.17883301,0.19909668,Cywee Gyroscope Sensor
1555919400271,3,13.09375,29.5,30.6875,Cywee Magnetic field Sensor
1555919400272,3,-9.234375,-2.3574219,2.5488281,Cywee Accelerometer Sensor
1555919400272,3,-9.2578125,-2.3789062,2.5253906,Cywee Accelerometer Sensor
1555919400272,3,-9.265625,-2.421875,2.53125,Cywee Accelerometer Sensor
1555919400273,3,-9.234375,-2.4335938,2.4355469,Cywee Accelerometer Sensor
1555919400273,3,-9.2265625,-2.4414062,2.4140625,Cywee Accelerometer Sensor
1555919400273,3,-9.21875,-2.4960938,2.3984375,Cywee Accelerometer Sensor
1555919400274,3,-9.2109375,-2.5097656,2.3886719,Cywee Accelerometer Sensor
1555919400274,3,-9.15625,-2.53125,2.3554688,Cywee Accelerometer Sensor
1555919400274,3,0.18823242,-0.31176758,0.10675049,Cywee Linear Acceleration
1555919400274,5,-0.35107422,0.5180664,0.27856445,0.72853,0.0,Cywee Rotation Vector
1555919400275,3,-9.109375,-2.4882812,2.3339844,Cywee Accelerometer Sensor
1555919400275,3,-9.046875,-2.4921875,2.2558594,Cywee Accelerometer Sensor
1555919400275,3,-0.09863281,-0.057373047,0.019332886,Cywee Gyroscope Sensor
1555919400276,3,13.4375,28.0,30.09375,Cywee Magnetic field Sensor
1555919400276,3,-9.015625,-2.4648438,2.2265625,Cywee Accelerometer Sensor
1555919400276,3,-9.0,-2.4863281,2.1914062,Cywee Accelerometer Sensor
1555919400276,3,-9.03125,-2.4726562,2.1738281,Cywee Accelerometer Sensor
1555919400277,3,-8.9765625,-2.484375,2.1582031,Cywee Accelerometer Sensor
1555919400277,3,-8.984375,-2.5039062,2.09375,Cywee Accelerometer Sensor
1555919400277,3,-8.9375,-2.4746094,2.078125,Cywee Accelerometer Sensor
1555919400281,3,-8.984375,-2.453125,2.0410156,Cywee Accelerometer Sensor
1555919400282,3,-9.0703125,-2.4824219,1.9960938,Cywee Accelerometer Sensor
1555919400282,3,0.18945312,-0.22094727,-0.3527832,Cywee Linear Acceleration
1555919400282,5,-0.35839844,0.50683594,0.2866211,0.7297371,0.0,Cywee Rotation Vector
1555919400283,3,-9.0390625,-2.5449219,2.0527344,Cywee Accelerometer Sensor
1555919400283,3,-9.0234375,-2.5742188,2.0488281,Cywee Accelerometer Sensor
1555919400283,3,-0.07733154,-0.079711914,-0.030670166,Cywee Gyroscope Sensor
1555919400284,3,13.6171875,27.6875,32.1875,Cywee Magnetic field Sensor
1555919400284,3,-8.984375,-2.53125,2.015625,Cywee Accelerometer Sensor
1555919400284,3,-8.9609375,-2.5234375,1.9912109,Cywee Accelerometer Sensor
1555919400284,3,-8.953125,-2.5078125,1.9863281,Cywee Accelerometer Sensor
1555919400285,3,-8.984375,-2.4355469,1.9990234,Cywee Accelerometer Sensor
1555919400285,3,-8.921875,-2.4257812,2.0253906,Cywee Accelerometer Sensor
1555919400285,3,-8.9765625,-2.3925781,1.9990234,Cywee Accelerometer Sensor
1555919400286,3,-9.0,-2.3691406,2.0097656,Cywee Accelerometer Sensor
1555919400286,3,-8.984375,-2.4433594,2.0839844,Cywee Accelerometer Sensor
1555919400286,3,0.22436523,0.06088257,-0.29907227,Cywee Linear Acceleration
1555919400286,5,-0.36621094,0.49926758,0.28564453,0.7314565,0.0,Cywee Rotation Vector
1555919400287,3,-8.9921875,-2.4101562,2.1113281,Cywee Accelerometer Sensor
1555919400287,3,-9.0234375,-2.4003906,2.1054688,Cywee Accelerometer Sensor
1555919400287,3,0.0131073,0.040496826,-0.10406494,Cywee Gyroscope Sensor
1555919400288,3,13.4375,30.09375,31.296875,Cywee Magnetic field Sensor
1555919400288,3,-8.96875,-2.3398438,2.0996094,Cywee Accelerometer Sensor
1555919400288,3,-8.9765625,-2.3222656,2.1328125,Cywee Accelerometer Sensor
1555919400288,3,-8.9609375,-2.2910156,2.1484375,Cywee Accelerometer Sensor
1555919400289,3,-8.953125,-2.296875,2.1972656,Cywee Accelerometer Sensor
1555919400289,3,-8.96875,-2.3398438,2.1757812,Cywee Accelerometer Sensor
1555919400292,3,-8.890625,-2.390625,2.1855469,Cywee Accelerometer Sensor
1555919400292,3,-8.921875,-2.3964844,2.1992188,Cywee Accelerometer Sensor
1555919400293,3,-8.953125,-2.3652344,2.1660156,Cywee Accelerometer Sensor
1555919400293,3,0.21154785,0.21252441,-0.16418457,Cywee Linear Acceleration
1555919400293,5,-0.36767578,0.5024414,0.27685547,0.73192775,0.0,Cywee Rotation Vector
1555919400294,3,-9.015625,-2.3984375,2.1132812,Cywee Accelerometer Sensor
1555919400294,3,-9.0078125,-2.4785156,2.1484375,Cywee Accelerometer Sensor
1555919400294,3,0.07159424,0.06604004,0.045928955,Cywee Gyroscope Sensor
1555919400295,3,13.4375,28.59375,31.296875,Cywee Magnetic field Sensor
1555919400295,3,-9.0078125,-2.4941406,2.1972656,Cywee Accelerometer Sensor
1555919400295,3,-9.046875,-2.5058594,2.1386719,Cywee Accelerometer Sensor
1555919400295,3,-9.0625,-2.5625,2.1367188,Cywee Accelerometer Sensor
1555919400296,3,-9.0546875,-2.5234375,2.1601562,Cywee Accelerometer Sensor
1555919400296,3,-9.0234375,-2.4863281,2.1464844,Cywee Accelerometer Sensor
1555919400296,3,-9.015625,-2.4882812,2.1523438,Cywee Accelerometer Sensor
1555919400297,3,-9.0625,-2.5410156,2.1367188,Cywee Accelerometer Sensor
1555919400297,3,-9.140625,-2.5488281,2.1289062,Cywee Accelerometer Sensor
1555919400297,3,0.14624023,-0.1739502,-0.10101318,Cywee Linear Acceleration
1555919400297,5,-0.3552246,0.51464844,0.27270508,0.7311528,0.0,Cywee Rotation Vector
1555919400298,3,-9.109375,-2.5664062,2.1386719,Cywee Accelerometer Sensor
1555919400298,3,-9.109375,-2.5742188,2.1464844,Cywee Accelerometer Sensor
1555919400298,3,0.15783691,0.038360596,0.07678223,Cywee Gyroscope Sensor
1555919400299,3,13.265625,28.890625,29.1875,Cywee Magnetic field Sensor
1555919400299,3,-9.078125,-2.5703125,2.1738281,Cywee Accelerometer Sensor
1555919400309,3,-9.1015625,-2.578125,2.203125,Cywee Accelerometer Sensor
1555919400309,3,-9.1328125,-2.625,2.203125,Cywee Accelerometer Sensor
1555919400309,3,-9.140625,-2.6132812,2.2265625,Cywee Accelerometer Sensor
1555919400310,3,-9.1796875,-2.546875,2.1972656,Cywee Accelerometer Sensor
1555919400310,3,-9.1875,-2.4433594,2.1542969,Cywee Accelerometer Sensor
1555919400310,3,-9.234375,-2.4101562,2.1425781,Cywee Accelerometer Sensor
1555919400311,3,-9.234375,-2.4882812,2.1542969,Cywee Accelerometer Sensor
1555919400311,3,0.06719971,-0.2121582,-0.14367676,Cywee Linear Acceleration
1555919400311,5,-0.34350586,0.51904297,0.2644043,0.73667395,0.0,Cywee Rotation Vector
1555919400312,3,-9.1328125,-2.4941406,2.1992188,Cywee Accelerometer Sensor
1555919400312,3,-9.0546875,-2.4296875,2.234375,Cywee Accelerometer Sensor
1555919400312,3,0.22802734,-0.041412354,-0.057281494,Cywee Gyroscope Sensor
1555919400313,3,14.828125,30.390625,28.296875,Cywee Magnetic field Sensor
1555919400313,3,-9.015625,-2.4042969,2.1972656,Cywee Accelerometer Sensor
1555919400313,3,-9.0234375,-2.3710938,2.15625,Cywee Accelerometer Sensor
1555919400313,3,-8.9921875,-2.3457031,2.1972656,Cywee Accelerometer Sensor
1555919400314,3,-8.9921875,-2.2734375,2.1816406,Cywee Accelerometer Sensor
1555919400314,3,-9.09375,-2.2617188,2.2011719,Cywee Accelerometer Sensor
1555919400314,3,-9.0703125,-2.2714844,2.1582031,Cywee Accelerometer Sensor
1555919400314,3,-9.015625,-2.2929688,2.1875,Cywee Accelerometer Sensor
1555919400315,3,-8.9375,-2.2910156,2.1660156,Cywee Accelerometer Sensor
1555919400315,3,0.29223633,0.010757446,-0.36694336,Cywee Linear Acceleration
1555919400315,5,-0.3269043,0.5205078,0.25073242,0.74788934,0.0,Cywee Rotation Vector
1555919400316,3,-8.9375,-2.2617188,2.125,Cywee Accelerometer Sensor
1555919400316,3,-8.8984375,-2.2773438,2.1171875,Cywee Accelerometer Sensor
1555919400316,3,0.21203613,-0.045684814,-0.013656616,Cywee Gyroscope Sensor
1555919400316,3,14.4765625,31.296875,26.5,Cywee Magnetic field Sensor
1555919400317,3,-8.875,-2.2636719,2.1269531,Cywee Accelerometer Sensor
1555919400317,3,-8.8828125,-2.25,2.1269531,Cywee Accelerometer Sensor
1555919400317,3,-8.875,-2.2382812,2.1425781,Cywee Accelerometer Sensor
1555919400317,3,-8.9921875,-2.2382812,2.1796875,Cywee Accelerometer Sensor
1555919400318,3,-9.046875,-2.2636719,2.2324219,Cywee Accelerometer Sensor
1555919400318,3,-9.2109375,-2.2910156,2.3066406,Cywee Accelerometer Sensor
1555919400318,3,-9.2265625,-2.2714844,2.2871094,Cywee Accelerometer Sensor
1555919400319,3,-9.0859375,-2.1660156,2.3476562,Cywee Accelerometer Sensor
1555919400319,3,0.22070312,0.055877686,-0.2939453,Cywee Linear Acceleration
1555919400320,5,-0.3100586,0.5253906,0.23864746,0.7555632,0.0,Cywee Rotation Vector
1555919400322,3,-8.921875,-2.0625,2.3242188,Cywee Accelerometer Sensor
1555919400322,3,-8.8515625,-2.0488281,2.3339844,Cywee Accelerometer Sensor
1555919400323,3,0.22595215,-0.02758789,-0.03173828,Cywee Gyroscope Sensor
1555919400324,3,13.4375,33.375,27.09375,Cywee Magnetic field Sensor
1555919400328,3,-8.8359375,-2.0410156,2.3261719,Cywee Accelerometer Sensor
1555919400329,3,-8.8671875,-2.0742188,2.2285156,Cywee Accelerometer Sensor
1555919400329,3,-8.84375,-2.1328125,2.1464844,Cywee Accelerometer Sensor
1555919400342,3,-8.703125,-2.1972656,2.1230469,Cywee Accelerometer Sensor
1555919400357,3,-8.765625,-2.2382812,2.1464844,Cywee Accelerometer Sensor
1555919400360,3,-8.859375,-2.296875,2.2617188,Cywee Accelerometer Sensor
1555919400363,3,-9.203125,-2.2382812,2.3574219,Cywee Accelerometer Sensor
1555919400365,3,-9.40625,-2.1894531,2.3652344,Cywee Accelerometer Sensor
1555919400381,3,-0.31420898,8.010864E-4,-0.31933594,Cywee Linear Acceleration
1555919400385,5,-0.3059082,0.5229492,0.23400879,0.76038426,0.0,Cywee Rotation Vector
1555919400388,3,-9.59375,-2.1289062,2.3691406,Cywee Accelerometer Sensor
1555919400393,3,-9.5859375,-1.9912109,2.2910156,Cywee Accelerometer Sensor
1555919400396,3,-0.1071167,-0.10418701,-0.03387451,Cywee Gyroscope Sensor
1555919400457,3,13.4375,34.0,27.6875,Cywee Magnetic field Sensor
1555919400457,3,-9.4609375,-2.0117188,2.3261719,Cywee Accelerometer Sensor
1555919400458,3,-9.2734375,-2.125,2.3613281,Cywee Accelerometer Sensor
1555919400458,3,-8.890625,-2.1972656,2.4316406,Cywee Accelerometer Sensor
1555919400458,3,-8.3671875,-2.2539062,2.421875,Cywee Accelerometer Sensor
1555919400458,3,-8.21875,-2.2910156,2.4550781,Cywee Accelerometer Sensor
1555919400459,3,-8.3046875,-2.296875,2.5878906,Cywee Accelerometer Sensor
1555919400459,3,-8.5625,-2.2441406,2.6894531,Cywee Accelerometer Sensor
1555919400460,3,-9.125,-2.1738281,2.7910156,Cywee Accelerometer Sensor
1555919400460,3,-0.13842773,0.124694824,0.06390381,Cywee Linear Acceleration
1555919400460,5,-0.30688477,0.52197266,0.23120117,0.76151973,0.0,Cywee Rotation Vector
1555919400460,3,-9.4296875,-2.0527344,2.8261719,Cywee Accelerometer Sensor
1555919400461,3,-9.6796875,-1.9863281,2.7792969,Cywee Accelerometer Sensor
1555919400461,3,0.3972168,0.1574707,0.12463379,Cywee Gyroscope Sensor
1555919400461,3,13.7890625,34.28125,24.6875,Cywee Magnetic field Sensor
1555919400462,3,-9.6015625,-1.8789062,2.7050781,Cywee Accelerometer Sensor
1555919400462,3,-9.3125,-1.9414062,2.6660156,Cywee Accelerometer Sensor
1555919400462,3,-9.0234375,-2.03125,2.6015625,Cywee Accelerometer Sensor
1555919400462,3,-8.953125,-2.1914062,2.609375,Cywee Accelerometer Sensor
1555919400463,3,-8.9765625,-2.4316406,2.6582031,Cywee Accelerometer Sensor
1555919400463,3,-9.15625,-2.5820312,2.7636719,Cywee Accelerometer Sensor
1555919400463,3,-9.453125,-2.6640625,2.9609375,Cywee Accelerometer Sensor
1555919400464,3,-9.6171875,-2.578125,3.0761719,Cywee Accelerometer Sensor
1555919400464,3,-0.21850586,-1.0361328,0.63916016,Cywee Linear Acceleration
1555919400464,5,-0.25341797,0.5625,0.21203613,0.7579009,0.0,Cywee Rotation Vector
1555919400464,3,-9.6328125,-2.4667969,3.1171875,Cywee Accelerometer Sensor
1555919400465,3,-9.6796875,-2.3027344,3.1542969,Cywee Accelerometer Sensor
1555919400465,3,1.6982422,0.5541992,0.734375,Cywee Gyroscope Sensor
1555919400465,3,14.65625,36.6875,19.0,Cywee Magnetic field Sensor
1555919400472,3,-9.6484375,-2.1269531,3.2773438,Cywee Accelerometer Sensor
1555919400473,3,-9.5234375,-2.0214844,3.3730469,Cywee Accelerometer Sensor
1555919400473,3,-9.328125,-1.8359375,3.4355469,Cywee Accelerometer Sensor
1555919400473,3,-9.15625,-1.5244141,3.4824219,Cywee Accelerometer Sensor
1555919400474,3,-9.0703125,-1.2871094,3.4726562,Cywee Accelerometer Sensor
1555919400474,3,-9.0703125,-1.0576172,3.3789062,Cywee Accelerometer Sensor
1555919400474,3,-9.1796875,-0.8041992,3.2832031,Cywee Accelerometer Sensor
1555919400475,3,-9.5703125,-0.5888672,3.1210938,Cywee Accelerometer Sensor
1555919400475,3,-0.19970703,-0.53515625,0.81884766,Cywee Linear Acceleration
1555919400475,5,-0.09472656,0.62109375,0.119018555,0.7688329,0.0,Cywee Rotation Vector
1555919400475,3,-9.9140625,-0.48583984,2.9160156,Cywee Accelerometer Sensor
1555919400476,3,-10.1875,-0.36376953,2.7890625,Cywee Accelerometer Sensor
1555919400476,3,0.6611328,-0.8022461,-0.39868164,Cywee Gyroscope Sensor
1555919400476,3,15.515625,41.78125,4.296875,Cywee Magnetic field Sensor
1555919400477,3,-10.28125,-0.51464844,2.671875,Cywee Accelerometer Sensor
1555919400477,3,-9.9296875,-0.9550781,2.6015625,Cywee Accelerometer Sensor
1555919400477,3,-9.6171875,-0.8183594,2.4707031,Cywee Accelerometer Sensor
1555919400477,3,-9.5,-0.6533203,2.4667969,Cywee Accelerometer Sensor
1555919400478,3,-9.6171875,-0.6772461,2.5566406,Cywee Accelerometer Sensor
1555919400478,3,-9.796875,-0.5839844,2.6582031,Cywee Accelerometer Sensor
1555919400478,3,-9.5390625,-0.16516113,2.5742188,Cywee Accelerometer Sensor
1555919400479,3,-8.9765625,0.16992188,2.4570312,Cywee Accelerometer Sensor
1555919400479,3,0.13415527,1.2714844,-1.5292969,Cywee Linear Acceleration
1555919400479,5,-0.090270996,0.54541016,0.043640137,0.83215046,0.0,Cywee Rotation Vector
1555919400480,3,-8.609375,0.35180664,2.3300781,Cywee Accelerometer Sensor
1555919400480,3,-8.3203125,0.5673828,2.3339844,Cywee Accelerometer Sensor
1555919400480,3,0.67041016,-0.36694336,-0.47753906,Cywee Gyroscope Sensor
1555919400481,3,10.1484375,43.59375,-1.3994141,Cywee Magnetic field Sensor
1555919400482,3,-7.9648438,0.46435547,2.5078125,Cywee Accelerometer Sensor
1555919400483,3,-7.9648438,0.46435547,2.5078125,Cywee Accelerometer Sensor
1555919400483,3,-7.8515625,0.09094238,2.7890625,Cywee Accelerometer Sensor
1555919400484,3,-7.7851562,0.27514648,2.7304688,Cywee Accelerometer Sensor
1555919400486,3,-7.546875,0.5024414,2.5488281,Cywee Accelerometer Sensor
1555919400487,3,-7.3789062,0.6894531,2.6035156,Cywee Accelerometer Sensor
1555919400489,3,-7.5976562,0.6459961,2.7421875,Cywee Accelerometer Sensor
1555919400491,3,-7.8789062,0.5864258,2.8671875,Cywee Accelerometer Sensor
1555919400492,3,1.0214844,1.0126953,-1.0107422,Cywee Linear Acceleration
1555919400494,5,-0.02482605,0.55322266,0.0037879944,0.8326548,0.0,Cywee Rotation Vector
1555919400495,3,-8.0625,0.7348633,2.8652344,Cywee Accelerometer Sensor
1555919400497,3,-8.078125,0.87597656,2.8535156,Cywee Accelerometer Sensor
1555919400498,3,0.65478516,0.6640625,0.9716797,Cywee Gyroscope Sensor
1555919400507,3,13.6171875,42.6875,-7.3984375,Cywee Magnetic field Sensor
1555919400514,3,-8.171875,1.0908203,2.8476562,Cywee Accelerometer Sensor
1555919400515,3,-8.359375,1.1699219,2.859375,Cywee Accelerometer Sensor
1555919400516,3,-8.5703125,1.2011719,2.8417969,Cywee Accelerometer Sensor
1555919400518,3,-8.78125,1.265625,2.9277344,Cywee Accelerometer Sensor
1555919400519,3,-9.1640625,1.3427734,2.9980469,Cywee Accelerometer Sensor
1555919400521,3,-9.578125,1.3496094,3.0546875,Cywee Accelerometer Sensor
1555919400522,3,-9.9296875,1.2949219,3.0546875,Cywee Accelerometer Sensor
1555919400524,3,-10.2109375,1.4404297,3.0253906,Cywee Accelerometer Sensor
1555919400525,3,-1.0117188,-0.34960938,0.46240234,Cywee Linear Acceleration
1555919400527,5,0.07513428,0.6088867,0.06549072,0.7869706,0.0,Cywee Rotation Vector
1555919400528,3,-10.296875,1.6992188,2.9121094,Cywee Accelerometer Sensor
1555919400529,3,-10.21875,1.9941406,2.8144531,Cywee Accelerometer Sensor
1555919400531,3,0.20251465,0.50341797,0.9941406,Cywee Gyroscope Sensor
1555919400532,3,22.96875,38.78125,-6.1992188,Cywee Magnetic field Sensor
1555919400534,3,-10.2265625,2.2402344,2.5703125,Cywee Accelerometer Sensor
1555919400535,3,-10.1015625,2.3789062,2.4140625,Cywee Accelerometer Sensor
1555919400536,3,-9.796875,2.4921875,2.3359375,Cywee Accelerometer Sensor
1555919400538,3,-9.3203125,2.6777344,2.3476562,Cywee Accelerometer Sensor
1555919400539,3,-9.015625,2.7832031,2.359375,Cywee Accelerometer Sensor
1555919400541,3,-8.9140625,2.7089844,2.2695312,Cywee Accelerometer Sensor
1555919400542,3,-8.765625,2.71875,2.1425781,Cywee Accelerometer Sensor
1555919400544,3,-8.453125,2.7539062,2.0957031,Cywee Accelerometer Sensor
1555919400545,3,0.7636719,-0.28173828,-0.10217285,Cywee Linear Acceleration
1555919400547,5,0.0982666,0.6196289,0.13391113,0.767119,0.0,Cywee Rotation Vector
1555919400548,3,-8.1640625,2.7714844,2.1269531,Cywee Accelerometer Sensor
1555919400549,3,-7.9648438,2.7949219,2.1601562,Cywee Accelerometer Sensor
1555919400551,3,-0.6196289,0.013908386,0.2619629,Cywee Gyroscope Sensor
1555919400580,3,24.6875,39.09375,-1.3994141,Cywee Magnetic field Sensor
1555919400581,3,-8.0,2.6738281,2.2910156,Cywee Accelerometer Sensor
1555919400583,3,-8.1328125,2.5996094,2.3613281,Cywee Accelerometer Sensor
1555919400584,3,-8.1328125,2.5507812,2.4101562,Cywee Accelerometer Sensor
1555919400585,3,-8.2421875,2.6757812,2.4101562,Cywee Accelerometer Sensor
1555919400587,3,-8.390625,2.65625,2.421875,Cywee Accelerometer Sensor
1555919400588,3,-8.4921875,2.6621094,2.3496094,Cywee Accelerometer Sensor
1555919400590,3,-8.640625,2.7597656,2.4355469,Cywee Accelerometer Sensor
1555919400591,3,-8.8359375,2.7539062,2.5078125,Cywee Accelerometer Sensor
1555919400593,3,0.10083008,-0.31201172,0.33642578,Cywee Linear Acceleration
1555919400594,5,0.077819824,0.6225586,0.15979004,0.76212335,0.0,Cywee Rotation Vector
1555919400596,3,-9.0546875,2.7402344,2.5566406,Cywee Accelerometer Sensor
1555919400598,3,-9.5,2.7324219,2.609375,Cywee Accelerometer Sensor
1555919400600,3,0.19714355,0.12988281,-0.21044922,Cywee Gyroscope Sensor
1555919400601,3,25.90625,37.59375,0.099975586,Cywee Magnetic field Sensor
1555919400630,3,-9.796875,2.8808594,2.5976562,Cywee Accelerometer Sensor
1555919400631,3,-9.9609375,2.9960938,2.5292969,Cywee Accelerometer Sensor
1555919400633,3,-9.96875,3.1074219,2.4550781,Cywee Accelerometer Sensor
1555919400634,3,-9.796875,3.2050781,2.4667969,Cywee Accelerometer Sensor
1555919400636,3,-9.6953125,3.1523438,2.5898438,Cywee Accelerometer Sensor
1555919400637,3,-9.6953125,3.046875,2.7226562,Cywee Accelerometer Sensor
1555919400639,3,-9.7421875,2.9277344,2.8164062,Cywee Accelerometer Sensor
1555919400640,3,-9.6796875,2.9121094,2.890625,Cywee Accelerometer Sensor
1555919400641,3,-0.3310547,0.43237305,0.59033203,Cywee Linear Acceleration
1555919400643,5,0.0637207,0.62109375,0.12609863,0.7708965,0.0,Cywee Rotation Vector
1555919400644,3,-9.3359375,2.9199219,2.8339844,Cywee Accelerometer Sensor
1555919400646,3,-8.8515625,2.8574219,2.6425781,Cywee Accelerometer Sensor
1555919400647,3,0.042907715,-0.11590576,-0.5986328,Cywee Gyroscope Sensor
1555919400670,3,22.96875,38.1875,-3.1992188,Cywee Magnetic field Sensor
1555919400671,3,-8.4765625,2.6464844,2.4941406,Cywee Accelerometer Sensor
1555919400673,3,-8.25,2.4042969,2.4648438,Cywee Accelerometer Sensor
1555919400674,3,-8.1484375,2.0859375,2.4121094,Cywee Accelerometer Sensor
1555919400676,3,-8.1484375,2.0859375,2.4121094,Cywee Accelerometer Sensor
1555919400677,3,-7.9453125,1.4931641,2.3652344,Cywee Accelerometer Sensor
1555919400679,3,-7.984375,1.1416016,2.3574219,Cywee Accelerometer Sensor
1555919400680,3,-8.0234375,0.9189453,2.3925781,Cywee Accelerometer Sensor
1555919400682,3,-8.1484375,0.7944336,2.4863281,Cywee Accelerometer Sensor
1555919400683,3,1.1240234,-0.5048828,-0.050109863,Cywee Linear Acceleration
1555919400684,5,0.021194458,0.61279297,0.075805664,0.7863136,0.0,Cywee Rotation Vector
1555919400686,3,-8.3671875,0.6176758,2.5136719,Cywee Accelerometer Sensor
1555919400687,3,-8.5234375,0.43310547,2.5351562,Cywee Accelerometer Sensor
1555919400689,3,0.026931763,-0.24145508,-0.8286133,Cywee Gyroscope Sensor
1555919400690,3,17.765625,41.1875,-2.0,Cywee Magnetic field Sensor
1555919400693,3,-8.7265625,0.30151367,2.6054688,Cywee Accelerometer Sensor
1555919400695,3,-8.9609375,0.17468262,2.6757812,Cywee Accelerometer Sensor
1555919400696,3,-9.171875,-0.0023937225,2.7675781,Cywee Accelerometer Sensor
1555919400698,3,-9.1875,-0.10772705,2.8339844,Cywee Accelerometer Sensor
1555919400699,3,-9.1171875,-0.22265625,2.9765625,Cywee Accelerometer Sensor
1555919400701,3,-9.1328125,-0.35180664,3.1191406,Cywee Accelerometer Sensor
1555919400702,3,-9.015625,-0.47143555,3.1972656,Cywee Accelerometer Sensor
1555919400704,3,-8.7890625,-0.5649414,3.2929688,Cywee Accelerometer Sensor
1555919400705,3,0.56396484,-0.21520996,0.2142334,Cywee Linear Acceleration
1555919400707,5,-0.024414062,0.58935547,1.2898445E-4,0.80750483,0.0,Cywee Rotation Vector
1555919400709,3,-8.7265625,-0.7348633,3.3261719,Cywee Accelerometer Sensor
1555919400710,3,-8.6953125,-0.890625,3.3476562,Cywee Accelerometer Sensor
1555919400712,3,0.0993042,-0.048858643,-0.7944336,Cywee Gyroscope Sensor
1555919400713,3,10.8359375,43.0,-3.7988281,Cywee Magnetic field Sensor
1555919400715,3,-8.7890625,-1.0644531,3.4257812,Cywee Accelerometer Sensor
1555919400716,3,-8.9375,-1.1435547,3.4394531,Cywee Accelerometer Sensor
1555919400718,3,-9.0234375,-1.1728516,3.4941406,Cywee Accelerometer Sensor
1555919400719,3,-9.0625,-1.09375,3.46875,Cywee Accelerometer Sensor
1555919400721,3,-9.109375,-1.0673828,3.4394531,Cywee Accelerometer Sensor
1555919400722,3,-9.1875,-0.9404297,3.3828125,Cywee Accelerometer Sensor
1555919400724,3,-9.140625,-0.9550781,3.2871094,Cywee Accelerometer Sensor
1555919400725,3,-8.9609375,-0.9765625,3.2421875,Cywee Accelerometer Sensor
1555919400727,3,0.24914551,0.6098633,0.21240234,Cywee Linear Acceleration
1555919400728,5,-0.047607422,0.5908203,-0.0692749,0.8024125,0.0,Cywee Rotation Vector
1555919400730,3,-8.8203125,-1.0078125,3.2578125,Cywee Accelerometer Sensor
1555919400731,3,-8.765625,-1.1054688,3.2929688,Cywee Accelerometer Sensor
1555919400732,3,0.12054443,0.14477539,-0.68896484,Cywee Gyroscope Sensor
1555919400735,3,4.609375,43.59375,-6.796875,Cywee Magnetic field Sensor
1555919400736,3,-8.546875,-1.2226562,3.2714844,Cywee Accelerometer Sensor
1555919400737,3,-8.3671875,-1.3046875,3.2246094,Cywee Accelerometer Sensor
1555919400739,3,-8.2734375,-1.4072266,3.2089844,Cywee Accelerometer Sensor
1555919400740,3,-8.28125,-1.4716797,3.1523438,Cywee Accelerometer Sensor
1555919400742,3,-8.4375,-1.5390625,3.0996094,Cywee Accelerometer Sensor
1555919400743,3,-8.5625,-1.5722656,3.09375,Cywee Accelerometer Sensor
1555919400745,3,-8.6953125,-1.6103516,3.0800781,Cywee Accelerometer Sensor
1555919400746,3,-8.7734375,-1.6494141,3.0058594,Cywee Accelerometer Sensor
1555919400748,3,0.31030273,0.63964844,0.2614746,Cywee Linear Acceleration
1555919400749,5,-0.05581665,0.6044922,-0.120910645,0.78540075,0.0,Cywee Rotation Vector
1555919400751,3,-8.9375,-1.71875,2.9082031,Cywee Accelerometer Sensor
1555919400752,3,-9.21875,-1.8027344,2.8535156,Cywee Accelerometer Sensor
1555919400754,3,0.027999878,0.19055176,0.08850098,Cywee Gyroscope Sensor
1555919400755,3,2.5292969,45.375,-6.1992188,Cywee Magnetic field Sensor
1555919400756,3,-9.3984375,-2.0,2.84375,Cywee Accelerometer Sensor
1555919400758,3,-9.390625,-2.1367188,2.8242188,Cywee Accelerometer Sensor
1555919400759,3,-9.3515625,-2.203125,2.7832031,Cywee Accelerometer Sensor
1555919400761,3,-9.265625,-2.28125,2.671875,Cywee Accelerometer Sensor
1555919400762,3,-9.1171875,-2.3652344,2.578125,Cywee Accelerometer Sensor
1555919400764,3,-8.984375,-2.4003906,2.5898438,Cywee Accelerometer Sensor
1555919400765,3,-8.9609375,-2.4394531,2.5390625,Cywee Accelerometer Sensor
1555919400766,3,-8.984375,-2.5195312,2.5078125,Cywee Accelerometer Sensor
1555919400768,3,0.29101562,-0.43847656,0.13342285,Cywee Linear Acceleration
1555919400769,5,-0.05215454,0.61816406,-0.10748291,0.7769173,0.0,Cywee Rotation Vector
1555919400771,3,-9.0234375,-2.6152344,2.4726562,Cywee Accelerometer Sensor
1555919400772,3,-9.125,-2.6777344,2.3867188,Cywee Accelerometer Sensor
1555919400774,3,0.023742676,0.20861816,0.17565918,Cywee Gyroscope Sensor
1555919400776,3,3.9199219,45.6875,-7.3984375,Cywee Magnetic field Sensor
1555919400777,3,-9.171875,-2.6582031,2.3242188,Cywee Accelerometer Sensor
1555919400779,3,-9.3515625,-2.6328125,2.2617188,Cywee Accelerometer Sensor
1555919400781,3,-9.515625,-2.5292969,2.1738281,Cywee Accelerometer Sensor
1555919400782,3,-9.5390625,-2.4648438,2.0722656,Cywee Accelerometer Sensor
1555919400784,3,-9.5546875,-2.4238281,1.9550781,Cywee Accelerometer Sensor
1555919400786,3,-9.5234375,-2.4140625,1.890625,Cywee Accelerometer Sensor
1555919400787,3,-9.5078125,-2.4394531,1.8720703,Cywee Accelerometer Sensor
1555919400789,3,-9.4296875,-2.4609375,1.7998047,Cywee Accelerometer Sensor
1555919400791,3,0.030136108,-0.5053711,-0.40039062,Cywee Linear Acceleration
1555919400792,5,-0.045562744,0.62646484,-0.10058594,0.77158815,0.0,Cywee Rotation Vector
1555919400794,3,-9.234375,-2.4824219,1.7685547,Cywee Accelerometer Sensor
1555919400796,3,-9.203125,-2.578125,1.6845703,Cywee Accelerometer Sensor
1555919400797,3,-0.23266602,-0.003118515,-0.14343262,Cywee Gyroscope Sensor
1555919400799,3,4.609375,41.78125,-5.5976562,Cywee Magnetic field Sensor
1555919400801,3,-9.078125,-2.6113281,1.6679688,Cywee Accelerometer Sensor
1555919400803,3,-8.9921875,-2.671875,1.5820312,Cywee Accelerometer Sensor
1555919400804,3,-9.0078125,-2.7167969,1.4931641,Cywee Accelerometer Sensor
1555919400808,3,-9.109375,-2.7617188,1.4765625,Cywee Accelerometer Sensor
1555919400810,3,-9.15625,-2.7324219,1.4550781,Cywee Accelerometer Sensor
1555919400812,3,-9.2734375,-2.6835938,1.4648438,Cywee Accelerometer Sensor
1555919400817,3,-9.4140625,-2.59375,1.4355469,Cywee Accelerometer Sensor
1555919400819,3,-9.4765625,-2.5351562,1.4619141,Cywee Accelerometer Sensor
1555919400821,3,-0.26342773,-0.095336914,-0.62402344,Cywee Linear Acceleration
1555919400831,5,-0.060577393,0.6303711,-0.11791992,0.76489055,0.0,Cywee Rotation Vector
1555919400832,3,-9.5703125,-2.4453125,1.3876953,Cywee Accelerometer Sensor
1555919400834,3,-9.484375,-2.375,1.4003906,Cywee Accelerometer Sensor
1555919400835,3,0.18969727,0.034118652,-0.29760742,Cywee Gyroscope Sensor
1555919400837,3,2.359375,43.59375,-9.5,Cywee Magnetic field Sensor
1555919400838,3,-9.25,-2.34375,1.4169922,Cywee Accelerometer Sensor
1555919400840,3,-9.1796875,-2.3359375,1.421875,Cywee Accelerometer Sensor
1555919400841,3,-9.3203125,-2.3769531,1.4316406,Cywee Accelerometer Sensor
1555919400843,3,-9.3359375,-2.421875,1.4599609,Cywee Accelerometer Sensor
1555919400844,3,-9.296875,-2.3613281,1.5292969,Cywee Accelerometer Sensor
1555919400845,3,-9.1796875,-2.3398438,1.5458984,Cywee Accelerometer Sensor
1555919400847,3,-9.09375,-2.34375,1.5751953,Cywee Accelerometer Sensor
1555919400848,3,-8.921875,-2.3222656,1.5986328,Cywee Accelerometer Sensor
1555919400850,3,0.29736328,0.55371094,-0.27929688,Cywee Linear Acceleration
1555919400851,5,-0.061584473,0.63623047,-0.15332031,0.7535987,0.0,Cywee Rotation Vector
1555919400852,3,-8.8984375,-2.3398438,1.6279297,Cywee Accelerometer Sensor
1555919400854,3,-8.9453125,-2.3652344,1.6757812,Cywee Accelerometer Sensor
1555919400855,3,0.13220215,0.11816406,-0.10406494,Cywee Gyroscope Sensor
1555919400856,3,0.7998047,42.6875,-9.1953125,Cywee Magnetic field Sensor
1555919400858,3,-8.984375,-2.4257812,1.7138672,Cywee Accelerometer Sensor
1555919400859,3,-8.96875,-2.4316406,1.7353516,Cywee Accelerometer Sensor
1555919400861,3,-9.0234375,-2.4335938,1.7207031,Cywee Accelerometer Sensor
1555919400862,3,-9.1328125,-2.4296875,1.7236328,Cywee Accelerometer Sensor
1555919400863,3,-9.140625,-2.4746094,1.7519531,Cywee Accelerometer Sensor
1555919400865,3,-9.0234375,-2.5390625,1.7734375,Cywee Accelerometer Sensor
1555919400866,3,-9.0,-2.6113281,1.7519531,Cywee Accelerometer Sensor
1555919400868,3,-9.0,-2.671875,1.7714844,Cywee Accelerometer Sensor
1555919400869,3,0.27392578,-0.0118637085,0.103027344,Cywee Linear Acceleration
1555919400874,5,-0.040527344,0.6459961,-0.15808105,0.74569225,0.0,Cywee Rotation Vector
1555919400875,3,-9.0625,-2.6132812,1.78125,Cywee Accelerometer Sensor
1555919400877,3,-9.03125,-2.6113281,1.8310547,Cywee Accelerometer Sensor
1555919400920,3,0.1907959,0.15856934,0.22790527,Cywee Gyroscope Sensor
1555919400920,3,2.6992188,41.78125,-9.5,Cywee Magnetic field Sensor
1555919400921,3,-9.046875,-2.5683594,1.8740234,Cywee Accelerometer Sensor
1555919400921,3,-9.0234375,-2.53125,1.8554688,Cywee Accelerometer Sensor
1555919400922,3,-9.046875,-2.5585938,1.8525391,Cywee Accelerometer Sensor
1555919400922,3,-9.0703125,-2.5253906,1.8457031,Cywee Accelerometer Sensor
1555919400923,3,-9.1953125,-2.5351562,1.9101562,Cywee Accelerometer Sensor
1555919400923,3,-9.234375,-2.5195312,1.8857422,Cywee Accelerometer Sensor
1555919400923,3,-9.1875,-2.5195312,1.8457031,Cywee Accelerometer Sensor
1555919400924,3,-9.1875,-2.5566406,1.8242188,Cywee Accelerometer Sensor
1555919400925,3,0.19750977,-0.23474121,0.21679688,Cywee Linear Acceleration
1555919400925,5,-0.02003479,0.6513672,-0.15673828,0.742127,0.0,Cywee Rotation Vector
1555919400926,3,-9.1953125,-2.5683594,1.8164062,Cywee Accelerometer Sensor
1555919400928,3,-9.1640625,-2.6035156,1.8242188,Cywee Accelerometer Sensor
1555919400928,3,0.03970337,-0.0063095093,-0.05834961,Cywee Gyroscope Sensor
1555919400929,3,3.21875,42.09375,-10.3984375,Cywee Magnetic field Sensor
1555919400930,3,-9.1328125,-2.5742188,1.8525391,Cywee Accelerometer Sensor
1555919400930,3,-9.109375,-2.5625,1.7851562,Cywee Accelerometer Sensor
1555919400932,3,-9.0546875,-2.5097656,1.7666016,Cywee Accelerometer Sensor
1555919400932,3,-9.03125,-2.4785156,1.7636719,Cywee Accelerometer Sensor
1555919400933,3,-9.046875,-2.4609375,1.7666016,Cywee Accelerometer Sensor
1555919400933,3,-9.1328125,-2.4316406,1.7402344,Cywee Accelerometer Sensor
1555919400934,3,-9.2421875,-2.4355469,1.7949219,Cywee Accelerometer Sensor
1555919400934,3,-9.3515625,-2.4316406,1.8808594,Cywee Accelerometer Sensor
1555919400934,3,0.02468872,0.13220215,0.20715332,Cywee Linear Acceleration
1555919400935,5,-0.023895264,0.6484375,-0.1697998,0.7417047,0.0,Cywee Rotation Vector
1555919400935,3,-9.2421875,-2.4003906,1.8427734,Cywee Accelerometer Sensor
1555919400935,3,-9.234375,-2.3398438,1.8525391,Cywee Accelerometer Sensor
1555919400936,3,0.046081543,-0.036102295,-0.20617676,Cywee Gyroscope Sensor
1555919400936,3,0.6298828,43.0,-8.8984375,Cywee Magnetic field Sensor
1555919400937,3,-9.1640625,-2.3691406,1.8857422,Cywee Accelerometer Sensor
1555919400937,3,-9.109375,-2.3222656,1.8857422,Cywee Accelerometer Sensor
1555919400937,3,-8.984375,-2.3300781,1.9121094,Cywee Accelerometer Sensor
1555919400938,3,-8.953125,-2.3183594,1.9316406,Cywee Accelerometer Sensor
1555919400938,3,-8.8828125,-2.3144531,1.9746094,Cywee Accelerometer Sensor
1555919400939,3,-8.84375,-2.3144531,1.9267578,Cywee Accelerometer Sensor
1555919400940,3,-8.796875,-2.3242188,1.9052734,Cywee Accelerometer Sensor
1555919400941,3,-8.8828125,-2.3574219,1.9775391,Cywee Accelerometer Sensor
1555919400941,3,0.3046875,0.42944336,0.23913574,Cywee Linear Acceleration
1555919400941,5,-0.02645874,0.6455078,-0.1875,0.7399077,0.0,Cywee Rotation Vector
1555919400942,3,-8.96875,-2.3828125,1.9550781,Cywee Accelerometer Sensor
1555919400942,3,-9.0078125,-2.3339844,1.8984375,Cywee Accelerometer Sensor
1555919400943,3,0.036499023,-0.004180908,0.022521973,Cywee Gyroscope Sensor
1555919400943,3,-0.58984375,43.875,-9.796875,Cywee Magnetic field Sensor
1555919400943,3,-9.046875,-2.3925781,1.9335938,Cywee Accelerometer Sensor
1555919400944,3,-9.1015625,-2.3867188,1.9511719,Cywee Accelerometer Sensor
1555919400944,3,-9.1953125,-2.3808594,1.9580078,Cywee Accelerometer Sensor
1555919400945,3,-9.140625,-2.421875,1.9316406,Cywee Accelerometer Sensor
1555919400945,3,-9.1015625,-2.4179688,1.9511719,Cywee Accelerometer Sensor
1555919400946,3,-9.015625,-2.4257812,1.9892578,Cywee Accelerometer Sensor
1555919400946,3,-9.0078125,-2.4257812,1.9863281,Cywee Accelerometer Sensor
1555919400946,3,-8.984375,-2.4179688,2.0175781,Cywee Accelerometer Sensor
1555919400947,3,0.3383789,0.27124023,0.27514648,Cywee Linear Acceleration
1555919400947,5,-0.020385742,0.6455078,-0.18762207,0.740069,0.0,Cywee Rotation Vector
1555919400948,3,-8.8984375,-2.4550781,2.03125,Cywee Accelerometer Sensor
1555919400948,3,-8.890625,-2.4707031,2.0175781,Cywee Accelerometer Sensor
1555919400948,3,0.03225708,0.040496826,0.0927124,Cywee Gyroscope Sensor
1555919400949,3,1.8398438,41.1875,-11.59375,Cywee Magnetic field Sensor
1555919400949,3,-8.859375,-2.4550781,2.0507812,Cywee Accelerometer Sensor
1555919400949,3,-8.8828125,-2.4707031,2.0292969,Cywee Accelerometer Sensor
1555919400950,3,-8.90625,-2.4648438,2.0371094,Cywee Accelerometer Sensor
1555919400950,3,-8.921875,-2.4609375,2.0410156,Cywee Accelerometer Sensor
1555919400950,3,-8.9765625,-2.4785156,2.0546875,Cywee Accelerometer Sensor
1555919400951,3,-9.015625,-2.4941406,2.0292969,Cywee Accelerometer Sensor
1555919400951,3,-9.0546875,-2.4765625,2.0546875,Cywee Accelerometer Sensor
1555919400951,3,-9.078125,-2.5039062,2.0644531,Cywee Accelerometer Sensor
1555919400952,3,0.23608398,-0.0034294128,0.3569336,Cywee Linear Acceleration
1555919400952,5,-0.009933472,0.64697266,-0.18347168,0.74004453,0.0,Cywee Rotation Vector
1555919400952,3,-9.1015625,-2.4960938,2.0488281,Cywee Accelerometer Sensor
1555919400953,3,-9.1484375,-2.4492188,2.046875,Cywee Accelerometer Sensor
1555919400953,3,0.03225708,0.008583069,0.031036377,Cywee Gyroscope Sensor
1555919400953,3,2.0097656,42.375,-11.8984375,Cywee Magnetic field Sensor
1555919400953,3,-9.078125,-2.4257812,2.0292969,Cywee Accelerometer Sensor
1555919400954,3,-9.0390625,-2.453125,2.0371094,Cywee Accelerometer Sensor
1555919400954,3,-8.9765625,-2.4414062,2.0429688,Cywee Accelerometer Sensor
1555919400954,3,-8.9453125,-2.4394531,2.0195312,Cywee Accelerometer Sensor
1555919400955,3,-8.96875,-2.4140625,2.0253906,Cywee Accelerometer Sensor
1555919400955,3,-9.0078125,-2.4101562,1.9960938,Cywee Accelerometer Sensor
1555919400955,3,-9.0078125,-2.3984375,1.984375,Cywee Accelerometer Sensor
1555919400955,3,-8.9921875,-2.4238281,1.9863281,Cywee Accelerometer Sensor
1555919400956,3,0.3017578,0.06768799,0.20495605,Cywee Linear Acceleration
1555919400956,5,-0.007320404,0.64501953,-0.18579102,0.7412003,0.0,Cywee Rotation Vector
1555919400956,3,-9.0234375,-2.453125,1.9335938,Cywee Accelerometer Sensor
1555919400957,3,-9.0390625,-2.4648438,1.9150391,Cywee Accelerometer Sensor
1555919400958,3,-0.029449463,-0.020141602,-0.02003479,Cywee Gyroscope Sensor
1555919400959,3,2.0097656,42.09375,-13.09375,Cywee Magnetic field Sensor
1555919400959,3,-9.0859375,-2.4921875,1.9628906,Cywee Accelerometer Sensor
1555919400959,3,-9.0078125,-2.4394531,1.9775391,Cywee Accelerometer Sensor
1555919400960,3,-9.03125,-2.3808594,1.9550781,Cywee Accelerometer Sensor
1555919400960,3,-9.0390625,-2.4023438,1.9365234,Cywee Accelerometer Sensor
1555919400960,3,-9.0546875,-2.3652344,1.9892578,Cywee Accelerometer Sensor
1555919400961,3,-9.0390625,-2.3398438,2.0078125,Cywee Accelerometer Sensor
1555919400961,3,-8.9609375,-2.3476562,2.0390625,Cywee Accelerometer Sensor
1555919400961,3,-8.9765625,-2.3496094,2.0703125,Cywee Accelerometer Sensor
1555919400962,3,0.3137207,0.17053223,0.27978516,Cywee Linear Acceleration
1555919400962,5,-0.0075950623,0.64404297,-0.18981934,0.74102604,0.0,Cywee Rotation Vector
1555919400962,3,-8.9921875,-2.3789062,2.0644531,Cywee Accelerometer Sensor
1555919400962,3,-9.03125,-2.328125,2.0527344,Cywee Accelerometer Sensor
1555919400963,3,0.093933105,0.021347046,-0.009399414,Cywee Gyroscope Sensor
1555919400963,3,1.8398438,41.78125,-12.1953125,Cywee Magnetic field Sensor
1555919400963,3,-9.03125,-2.3027344,2.046875,Cywee Accelerometer Sensor
1555919400964,3,-9.0,-2.28125,2.0625,Cywee Accelerometer Sensor
1555919400964,3,-9.0703125,-2.3066406,2.0527344,Cywee Accelerometer Sensor
1555919400964,3,-9.0625,-2.3515625,2.0527344,Cywee Accelerometer Sensor
1555919400964,3,-8.9921875,-2.359375,2.0585938,Cywee Accelerometer Sensor
1555919400965,3,-9.0078125,-2.3867188,2.03125,Cywee Accelerometer Sensor
1555919400965,3,-9.03125,-2.3984375,1.9960938,Cywee Accelerometer Sensor
1555919400965,3,-9.0546875,-2.3808594,1.9863281,Cywee Accelerometer Sensor
1555919400967,3,0.26733398,0.14123535,0.15686035,Cywee Linear Acceleration
1555919400968,5,-0.0019035339,0.64208984,-0.19519043,0.74136204,0.0,Cywee Rotation Vector
1555919400969,3,-9.0234375,-2.4082031,1.9912109,Cywee Accelerometer Sensor
1555919400972,3,-8.9765625,-2.4003906,1.9814453,Cywee Accelerometer Sensor
1555919400973,3,0.025878906,-0.016952515,0.00762558,Cywee Gyroscope Sensor
1555919400975,3,2.359375,42.09375,-12.5,Cywee Magnetic field Sensor
1555919400976,3,-8.9921875,-2.4394531,1.9697266,Cywee Accelerometer Sensor
1555919400977,3,-8.96875,-2.4824219,1.9892578,Cywee Accelerometer Sensor
1555919400979,3,-8.9765625,-2.4609375,1.9775391,Cywee Accelerometer Sensor
1555919400980,3,-8.96875,-2.4609375,1.9628906,Cywee Accelerometer Sensor
1555919400982,3,-8.984375,-2.4707031,1.9599609,Cywee Accelerometer Sensor
1555919400983,3,-8.9765625,-2.4746094,1.984375,Cywee Accelerometer Sensor
1555919400984,3,-9.0,-2.4824219,1.9511719,Cywee Accelerometer Sensor
1555919400986,3,-8.9765625,-2.4550781,1.9462891,Cywee Accelerometer Sensor
1555919400987,3,0.33325195,0.05078125,0.091552734,Cywee Linear Acceleration
1555919400988,5,-6.284714E-4,0.640625,-0.19726562,0.7420818,0.0,Cywee Rotation Vector
1555919400990,3,-8.9609375,-2.4726562,1.9550781,Cywee Accelerometer Sensor
1555919400991,3,-8.9921875,-2.4667969,1.9267578,Cywee Accelerometer Sensor
1555919400993,3,0.010978699,-0.0126953125,-0.042388916,Cywee Gyroscope Sensor
1555919400994,3,2.359375,41.78125,-11.8984375,Cywee Magnetic field Sensor
1555919400995,3,-9.0234375,-2.4824219,1.9199219,Cywee Accelerometer Sensor
1555919400997,3,-9.0703125,-2.4667969,1.9511719,Cywee Accelerometer Sensor
1555919400999,3,-9.0234375,-2.4707031,1.921875,Cywee Accelerometer Sensor
1555919401001,3,-9.078125,-2.4746094,1.9052734,Cywee Accelerometer Sensor
1555919401002,3,-9.0078125,-2.4414062,1.9414062,Cywee Accelerometer Sensor
1555919401003,3,-9.03125,-2.453125,1.9677734,Cywee Accelerometer Sensor
1555919401005,3,-9.0,-2.4082031,1.9414062,Cywee Accelerometer Sensor
1555919401006,3,-9.0234375,-2.4316406,1.9433594,Cywee Accelerometer Sensor
1555919401008,3,0.27954102,0.1932373,0.07330322,Cywee Linear Acceleration
1555919401009,5,-0.0043678284,0.640625,-0.20056152,0.7411853,0.0,Cywee Rotation Vector
1555919401010,3,-8.9765625,-2.4179688,1.9648438,Cywee Accelerometer Sensor
1555919401012,3,-8.9921875,-2.4238281,1.9677734,Cywee Accelerometer Sensor
1555919401013,3,-0.04434204,-0.00843811,-0.042388916,Cywee Gyroscope Sensor
1555919401015,3,1.1494141,42.09375,-12.796875,Cywee Magnetic field Sensor
1555919401016,3,-8.9765625,-2.4101562,1.9121094,Cywee Accelerometer Sensor
1555919401017,3,-9.0546875,-2.4492188,1.984375,Cywee Accelerometer Sensor
1555919401019,3,-9.0390625,-2.4492188,2.0429688,Cywee Accelerometer Sensor
1555919401020,3,-9.0,-2.4023438,2.0097656,Cywee Accelerometer Sensor
1555919401022,3,-9.03125,-2.4179688,1.9697266,Cywee Accelerometer Sensor
1555919401023,3,-9.0234375,-2.4492188,2.0117188,Cywee Accelerometer Sensor
1555919401024,3,-8.984375,-2.4414062,2.0214844,Cywee Accelerometer Sensor
1555919401026,3,-8.9921875,-2.4511719,2.0332031,Cywee Accelerometer Sensor
1555919401027,3,0.2692871,0.19274902,0.15527344,Cywee Linear Acceleration
1555919401029,5,-0.008117676,0.640625,-0.19897461,0.74158126,0.0,Cywee Rotation Vector
1555919401030,3,-9.0234375,-2.4765625,2.0390625,Cywee Accelerometer Sensor
1555919401031,3,-9.0078125,-2.4960938,2.0039062,Cywee Accelerometer Sensor
1555919401033,3,-0.06665039,-0.0126953125,0.03741455,Cywee Gyroscope Sensor
1555919401035,3,3.0488281,41.1875,-12.5,Cywee Magnetic field Sensor
1555919401037,3,-8.9921875,-2.5253906,1.9697266,Cywee Accelerometer Sensor
1555919401038,3,-9.015625,-2.5,2.0195312,Cywee Accelerometer Sensor
1555919401040,3,-9.015625,-2.5136719,2.0175781,Cywee Accelerometer Sensor
1555919401042,3,-8.9609375,-2.4765625,1.9697266,Cywee Accelerometer Sensor
1555919401043,3,-8.984375,-2.5078125,1.9794922,Cywee Accelerometer Sensor
1555919438380,3,-8.9453125,-2.53125,1.9863281,Cywee Accelerometer Sensor
1555919438381,3,-8.9375,-2.5253906,1.9599609,Cywee Accelerometer Sensor
1555919438381,3,-8.9609375,-2.5585938,1.9199219,Cywee Accelerometer Sensor
1555919438381,3,0.29833984,0.055755615,0.107177734,Cywee Linear Acceleration
1555919438382,5,-0.010688782,0.64160156,-0.19262695,0.74237996,0.0,Cywee Rotation Vector
1555919438382,3,-8.9765625,-2.5585938,1.9384766,Cywee Accelerometer Sensor
1555919438382,3,-8.9765625,-2.5507812,1.9677734,Cywee Accelerometer Sensor
1555919438382,3,-0.07519531,-0.003118515,0.038482666,Cywee Gyroscope Sensor
1555919438383,3,3.0488281,41.5,-12.5,Cywee Magnetic field Sensor
1555919438383,3,-8.9765625,-2.5507812,1.9677734,Cywee Accelerometer Sensor
1555919438383,1,105.625,Cywee Heart Rate
1555919438384,5,-0.19995117,-0.25756836,0.5571289,0.76373124,0.0,Cywee Rotation Vector
1555919438384,3,2.1347656,-8.78125,7.0625,Cywee Accelerometer Sensor
1555919438384,3,2.0507812,-7.6484375,7.2382812,Cywee Accelerometer Sensor
1555919438384,3,0.57373047,0.18408203,-0.08068848,Cywee Gyroscope Sensor
1555919438385,3,36.125,18.09375,-6.796875,Cywee Magnetic field Sensor
1555919438385,3,2.1738281,-5.6210938,8.2265625,Cywee Accelerometer Sensor
1555919438385,3,2.2011719,-3.8535156,8.71875,Cywee Accelerometer Sensor
1555919438386,3,1.5341797,-3.8925781,7.7929688,Cywee Accelerometer Sensor
1555919438386,3,0.49536133,-4.9492188,6.9882812,Cywee Accelerometer Sensor
1555919438386,3,-0.78271484,-5.6015625,7.3710938,Cywee Accelerometer Sensor
1555919438387,3,0.7060547,-5.6835938,8.21875,Cywee Accelerometer Sensor
1555919438387,3,1.8769531,-5.65625,8.7578125,Cywee Accelerometer Sensor
1555919438387,3,2.515625,-5.1992188,8.6171875,Cywee Accelerometer Sensor
1555919438387,3,1.0009766,0.41064453,0.5288086,Cywee Linear Acceleration
1555919438388,5,-0.18432617,-0.25097656,0.54833984,0.77611727,0.0,Cywee Rotation Vector
1555919438388,3,3.0917969,-5.3046875,8.1484375,Cywee Accelerometer Sensor
1555919438388,3,2.7929688,-6.046875,7.5117188,Cywee Accelerometer Sensor
1555919438389,3,-0.40185547,-0.34472656,0.12890625,Cywee Gyroscope Sensor
1555919438389,3,35.59375,19.296875,-8.8984375,Cywee Magnetic field Sensor
1555919438389,3,2.7207031,-6.4414062,7.078125,Cywee Accelerometer Sensor
1555919438390,3,2.4648438,-6.2421875,6.8984375,Cywee Accelerometer Sensor
1555919438390,3,2.5058594,-5.8046875,7.1992188,Cywee Accelerometer Sensor
1555919438390,3,2.3007812,-5.4570312,7.765625,Cywee Accelerometer Sensor
1555919438413,3,2.1679688,-5.0195312,8.3125,Cywee Accelerometer Sensor
1555919438414,3,1.9072266,-4.7578125,8.3984375,Cywee Accelerometer Sensor
1555919438414,3,1.8212891,-5.0820312,8.296875,Cywee Accelerometer Sensor
1555919438414,3,1.7587891,-5.0664062,8.3203125,Cywee Accelerometer Sensor
1555919438414,3,-0.119262695,0.3774414,0.29223633,Cywee Linear Acceleration
1555919438415,5,-0.1763916,-0.24963379,0.5546875,0.77388036,0.0,Cywee Rotation Vector
1555919438415,3,1.9892578,-4.96875,8.1015625,Cywee Accelerometer Sensor
1555919438415,3,2.21875,-5.2539062,7.6992188,Cywee Accelerometer Sensor
1555919438416,3,-0.43896484,-0.057373047,-0.011528015,Cywee Gyroscope Sensor
1555919438416,3,35.9375,17.796875,-8.8984375,Cywee Magnetic field Sensor
1555919438416,3,2.2285156,-5.6640625,7.546875,Cywee Accelerometer Sensor
1555919438416,3,2.015625,-6.1757812,7.5625,Cywee Accelerometer Sensor
1555919438417,3,1.8623047,-6.4570312,7.6289062,Cywee Accelerometer Sensor
1555919438417,3,1.7070312,-6.1796875,7.6953125,Cywee Accelerometer Sensor
1555919438417,3,1.8330078,-5.71875,7.7539062,Cywee Accelerometer Sensor
1555919438418,3,2.0390625,-5.4414062,7.7578125,Cywee Accelerometer Sensor
1555919438418,3,2.1171875,-5.3476562,7.8320312,Cywee Accelerometer Sensor
1555919438418,3,2.1523438,-5.34375,7.8164062,Cywee Accelerometer Sensor
1555919438418,3,0.17749023,0.16113281,-0.017654419,Cywee Linear Acceleration
1555919438419,5,-0.18713379,-0.25952148,0.5488281,0.7722806,0.0,Cywee Rotation Vector
1555919438419,3,2.2070312,-5.5390625,7.7617188,Cywee Accelerometer Sensor
1555919438419,3,2.1738281,-5.8671875,7.5976562,Cywee Accelerometer Sensor
1555919438420,3,-0.16662598,0.012840271,0.051239014,Cywee Gyroscope Sensor
1555919438420,3,35.59375,18.09375,-7.6992188,Cywee Magnetic field Sensor
1555919438423,3,2.0996094,-6.0585938,7.53125,Cywee Accelerometer Sensor
1555919438424,3,1.9335938,-6.1601562,7.5546875,Cywee Accelerometer Sensor
1555919438424,3,1.8408203,-5.953125,7.6796875,Cywee Accelerometer Sensor
1555919438424,3,1.7763672,-5.7070312,7.7851562,Cywee Accelerometer Sensor
1555919438425,3,1.8769531,-5.5507812,7.8203125,Cywee Accelerometer Sensor
1555919438425,3,1.9599609,-5.5390625,7.7929688,Cywee Accelerometer Sensor
1555919438425,3,1.9599609,-5.5390625,7.7929688,Cywee Accelerometer Sensor
1555919438425,3,2.0097656,-5.796875,7.6835938,Cywee Accelerometer Sensor
1555919438426,3,0.025497437,-0.22558594,-0.08642578,Cywee Linear Acceleration
1555919438426,5,-0.19226074,-0.26000977,0.55078125,0.76946133,0.0,Cywee Rotation Vector
1555919438426,3,1.921875,-5.9179688,7.6601562,Cywee Accelerometer Sensor
1555919438427,3,1.8408203,-5.9648438,7.6679688,Cywee Accelerometer Sensor
1555919438427,3,0.0067214966,0.016021729,0.03314209,Cywee Gyroscope Sensor
1555919438427,3,35.78125,17.1875,-7.3984375,Cywee Magnetic field Sensor
1555919438428,3,1.8164062,-5.9414062,7.640625,Cywee Accelerometer Sensor
1555919438428,3,1.8740234,-5.71875,7.7148438,Cywee Accelerometer Sensor
1555919438428,3,1.9121094,-5.6015625,7.7265625,Cywee Accelerometer Sensor
1555919438428,3,1.9511719,-5.5976562,7.7929688,Cywee Accelerometer Sensor
1555919438429,3,1.9648438,-5.6953125,7.796875,Cywee Accelerometer Sensor
1555919438429,3,2.015625,-5.6992188,7.7890625,Cywee Accelerometer Sensor
1555919438429,3,1.9677734,-5.65625,7.796875,Cywee Accelerometer Sensor
1555919438430,3,1.9335938,-5.6210938,7.7773438,Cywee Accelerometer Sensor
1555919438430,3,-0.01008606,-0.014770508,0.010498047,Cywee Linear Acceleration
1555919438430,5,-0.18969727,-0.25927734,0.5522461,0.7692948,0.0,Cywee Rotation Vector
1555919438437,3,1.9511719,-5.6289062,7.7890625,Cywee Accelerometer Sensor
1555919438437,3,1.8789062,-5.78125,7.7539062,Cywee Accelerometer Sensor
1555919438438,3,-0.02519226,0.012840271,1.77145E-4,Cywee Gyroscope Sensor
1555919438438,3,35.4375,19.0,-8.0,Cywee Magnetic field Sensor
1555919438438,3,1.9101562,-5.765625,7.7734375,Cywee Accelerometer Sensor
1555919438438,3,1.9199219,-5.71875,7.71875,Cywee Accelerometer Sensor
1555919438439,3,1.9628906,-5.6835938,7.71875,Cywee Accelerometer Sensor
1555919438439,3,1.9677734,-5.6914062,7.7265625,Cywee Accelerometer Sensor
1555919438439,3,1.984375,-5.6992188,7.7460938,Cywee Accelerometer Sensor
1555919438440,3,1.9462891,-5.7304688,7.7460938,Cywee Accelerometer Sensor
1555919438440,3,1.953125,-5.703125,7.7734375,Cywee Accelerometer Sensor
1555919438440,3,1.9384766,-5.65625,7.7890625,Cywee Accelerometer Sensor
1555919438441,3,-0.028503418,-0.008178711,0.015563965,Cywee Linear Acceleration
1555919438441,5,-0.19006348,-0.26000977,0.5522461,0.76895714,0.0,Cywee Rotation Vector
1555919438441,3,1.9267578,-5.6601562,7.78125,Cywee Accelerometer Sensor
1555919438442,3,1.9316406,-5.703125,7.7734375,Cywee Accelerometer Sensor
1555919438442,3,-0.011360168,0.0022010803,0.014007568,Cywee Gyroscope Sensor
1555919438442,3,35.9375,19.0,-7.6992188,Cywee Magnetic field Sensor
1555919438443,3,1.9316406,-5.6367188,7.78125,Cywee Accelerometer Sensor
1555919438443,3,1.9296875,-5.7109375,7.7539062,Cywee Accelerometer Sensor
1555919438443,3,1.9335938,-5.7421875,7.7421875,Cywee Accelerometer Sensor
1555919438443,3,1.8769531,-5.8125,7.7382812,Cywee Accelerometer Sensor
1555919438444,3,1.9121094,-5.75,7.7304688,Cywee Accelerometer Sensor
1555919438444,3,1.8671875,-5.734375,7.7226562,Cywee Accelerometer Sensor
1555919438444,3,1.8857422,-5.7148438,7.7421875,Cywee Accelerometer Sensor
1555919438445,3,1.9052734,-5.7265625,7.7304688,Cywee Accelerometer Sensor
1555919438445,3,-0.07336426,-0.09326172,-0.021850586,Cywee Linear Acceleration
1555919438445,5,-0.1907959,-0.26098633,0.5522461,0.7684447,0.0,Cywee Rotation Vector
1555919438446,3,1.9003906,-5.7304688,7.75,Cywee Accelerometer Sensor
1555919438446,3,1.9003906,-5.7070312,7.7617188,Cywee Accelerometer Sensor
1555919438446,3,0.023742676,0.0011367798,-0.009399414,Cywee Gyroscope Sensor
1555919438446,3,35.78125,19.296875,-8.0,Cywee Magnetic field Sensor
1555919438447,3,1.9052734,-5.65625,7.7695312,Cywee Accelerometer Sensor
1555919438447,3,1.921875,-5.6601562,7.7539062,Cywee Accelerometer Sensor
1555919438447,3,1.9072266,-5.7148438,7.7851562,Cywee Accelerometer Sensor
1555919438448,3,1.9052734,-5.7226562,7.7304688,Cywee Accelerometer Sensor
1555919438448,3,1.9365234,-5.734375,7.7460938,Cywee Accelerometer Sensor
1555919438448,3,1.9296875,-5.6835938,7.7578125,Cywee Accelerometer Sensor
1555919438448,3,1.8955078,-5.6953125,7.7851562,Cywee Accelerometer Sensor
1555919438449,3,1.8984375,-5.71875,7.7578125,Cywee Accelerometer Sensor
1555919438449,3,-0.053344727,-0.04788208,-0.006591797,Cywee Linear Acceleration
1555919438449,5,-0.19055176,-0.26123047,0.5527344,0.76807123,0.0,Cywee Rotation Vector
1555919438450,3,1.9150391,-5.7421875,7.7539062,Cywee Accelerometer Sensor
1555919438450,3,1.9003906,-5.7226562,7.734375,Cywee Accelerometer Sensor
1555919438451,3,-0.0028533936,0.0011367798,-0.007270813,Cywee Gyroscope Sensor
1555919438452,3,35.78125,17.1875,-6.796875,Cywee Magnetic field Sensor
1555919438452,3,1.9296875,-5.75,7.734375,Cywee Accelerometer Sensor
1555919438453,3,1.9072266,-5.71875,7.7226562,Cywee Accelerometer Sensor
1555919438453,3,1.9003906,-5.6523438,7.7695312,Cywee Accelerometer Sensor
1555919438453,3,1.9365234,-5.7578125,7.7617188,Cywee Accelerometer Sensor
1555919438454,3,1.8837891,-5.7304688,7.75,Cywee Accelerometer Sensor
1555919438454,3,1.890625,-5.7304688,7.7460938,Cywee Accelerometer Sensor
1555919438454,3,1.9462891,-5.7148438,7.7578125,Cywee Accelerometer Sensor
1555919438455,3,1.953125,-5.6992188,7.7695312,Cywee Accelerometer Sensor
1555919438455,3,-0.021835327,-0.04385376,0.026184082,Cywee Linear Acceleration
1555919438455,5,-0.19030762,-0.2614746,0.5527344,0.76804864,0.0,Cywee Rotation Vector
1555919438465,3,1.953125,-5.6992188,7.7695312,Cywee Accelerometer Sensor
1555919438465,3,1.9775391,-5.65625,7.7578125,Cywee Accelerometer Sensor
1555919438466,3,0.03439331,-0.0052452087,-0.009399414,Cywee Gyroscope Sensor
1555919438466,3,35.4375,17.1875,-9.1953125,Cywee Magnetic field Sensor
1555919438466,3,1.9628906,-5.6484375,7.765625,Cywee Accelerometer Sensor
1555919438467,3,1.9628906,-5.6757812,7.7695312,Cywee Accelerometer Sensor
1555919438467,3,1.9511719,-5.6171875,7.7773438,Cywee Accelerometer Sensor
1555919438467,3,1.9335938,-5.6132812,7.8476562,Cywee Accelerometer Sensor
1555919438468,3,1.8984375,-5.5898438,7.8046875,Cywee Accelerometer Sensor
1555919438468,3,1.9580078,-5.65625,7.7695312,Cywee Accelerometer Sensor
1555919438468,3,1.9746094,-5.7578125,7.7304688,Cywee Accelerometer Sensor
1555919438469,3,1.9550781,-5.765625,7.7460938,Cywee Accelerometer Sensor
1555919438469,3,-0.042938232,-0.089416504,-0.008766174,Cywee Linear Acceleration
1555919438469,5,-0.19006348,-0.26220703,0.55322266,0.7675077,0.0,Cywee Rotation Vector
1555919438470,3,1.9648438,-5.7382812,7.7265625,Cywee Accelerometer Sensor
1555919438470,3,1.9199219,-5.71875,7.7460938,Cywee Accelerometer Sensor
1555919438471,3,0.012039185,0.011779785,-8.869171E-4,Cywee Gyroscope Sensor
1555919438471,3,35.78125,17.5,-9.1953125,Cywee Magnetic field Sensor
1555919438472,3,1.9267578,-5.6796875,7.7734375,Cywee Accelerometer Sensor
1555919438472,3,1.890625,-5.6914062,7.8203125,Cywee Accelerometer Sensor
1555919438472,3,1.9199219,-5.7109375,7.78125,Cywee Accelerometer Sensor
1555919438473,3,1.9267578,-5.7304688,7.7421875,Cywee Accelerometer Sensor
1555919438473,3,1.9365234,-5.7890625,7.6992188,Cywee Accelerometer Sensor
1555919438473,3,1.9814453,-5.7382812,7.6835938,Cywee Accelerometer Sensor
1555919438474,3,1.984375,-5.7304688,7.7109375,Cywee Accelerometer Sensor
1555919438474,3,1.9746094,-5.6054688,7.7539062,Cywee Accelerometer Sensor
1555919438474,3,-0.017730713,0.00818634,0.016448975,Cywee Linear Acceleration
1555919438475,5,-0.18737793,-0.2607422,0.5522461,0.7693681,0.0,Cywee Rotation Vector
1555919438475,3,1.9726562,-5.5898438,7.8203125,Cywee Accelerometer Sensor
1555919438475,3,2.0058594,-5.640625,7.8828125,Cywee Accelerometer Sensor
1555919438476,3,0.113098145,0.016021729,-0.03918457,Cywee Gyroscope Sensor
1555919438476,3,35.4375,17.5,-8.0,Cywee Magnetic field Sensor
1555919438476,3,1.9072266,-5.9335938,8.078125,Cywee Accelerometer Sensor
1555919438477,3,1.4794922,-6.640625,8.4375,Cywee Accelerometer Sensor
1555919438477,3,0.98876953,-8.1015625,8.609375,Cywee Accelerometer Sensor
1555919438477,3,1.2636719,-8.1953125,7.9296875,Cywee Accelerometer Sensor
1555919438478,3,2.0625,-7.7460938,7.7070312,Cywee Accelerometer Sensor
1555919438478,3,2.6679688,-7.8671875,8.0703125,Cywee Accelerometer Sensor
1555919438478,3,2.578125,-6.2773438,8.1328125,Cywee Accelerometer Sensor
1555919438479,3,2.8222656,-3.8808594,9.1328125,Cywee Accelerometer Sensor
1555919438479,3,0.42700195,0.5571289,0.81640625,Cywee Linear Acceleration
1555919438479,5,-0.08441162,-0.20532227,0.5649414,0.79470664,0.0,Cywee Rotation Vector
1555919438480,3,2.7207031,-3.0058594,10.0078125,Cywee Accelerometer Sensor
1555919438480,3,2.7167969,-3.7480469,9.6875,Cywee Accelerometer Sensor
1555919438484,3,1.8583984,-0.3605957,-0.94970703,Cywee Gyroscope Sensor
1555919438485,3,32.65625,17.1875,-15.1953125,Cywee Magnetic field Sensor
1555919438485,3,2.5097656,-3.0644531,9.4609375,Cywee Accelerometer Sensor
1555919438485,3,2.3457031,-2.7207031,8.9609375,Cywee Accelerometer Sensor
1555919438486,3,2.4296875,-2.4257812,8.65625,Cywee Accelerometer Sensor
1555919438486,3,2.5527344,-2.0097656,8.546875,Cywee Accelerometer Sensor
1555919438486,3,2.7226562,-1.5292969,8.796875,Cywee Accelerometer Sensor
1555919438487,3,2.8046875,-1.9150391,8.640625,Cywee Accelerometer Sensor
1555919438487,3,2.9492188,-1.6806641,8.4453125,Cywee Accelerometer Sensor
1555919438487,3,2.9921875,-1.1347656,8.390625,Cywee Accelerometer Sensor
1555919438488,3,-0.39257812,-0.25317383,-0.76220703,Cywee Linear Acceleration
1555919438488,5,0.053833008,-0.16699219,0.5029297,0.8463317,0.0,Cywee Rotation Vector
1555919438488,3,2.9414062,-1.0263672,8.5078125,Cywee Accelerometer Sensor
1555919438489,3,3.0996094,-0.72509766,8.5,Cywee Accelerometer Sensor
1555919438489,3,0.9321289,-0.24353027,-1.1914062,Cywee Gyroscope Sensor
1555919438489,3,27.296875,23.5,-19.6875,Cywee Magnetic field Sensor
1555919438490,3,3.5390625,-0.12445068,8.7578125,Cywee Accelerometer Sensor
1555919438490,3,3.5644531,0.06463623,8.890625,Cywee Accelerometer Sensor
1555919438491,3,3.6308594,0.6152344,9.1015625,Cywee Accelerometer Sensor
1555919438491,3,3.6757812,1.0,9.0546875,Cywee Accelerometer Sensor
1555919438491,3,3.78125,0.8378906,8.9140625,Cywee Accelerometer Sensor
1555919438492,3,3.7695312,0.7753906,8.84375,Cywee Accelerometer Sensor
1555919438492,3,3.6015625,1.5224609,9.1171875,Cywee Accelerometer Sensor
1555919438492,3,3.3964844,1.8691406,9.1484375,Cywee Accelerometer Sensor
1555919438493,3,-0.2529297,0.76464844,-0.010124207,Cywee Linear Acceleration
1555919438493,5,0.1348877,-0.14038086,0.41796875,0.887356,0.0,Cywee Rotation Vector
1555919438701,3,3.4609375,2.2089844,8.96875,Cywee Accelerometer Sensor
1555919438702,3,3.5039062,2.421875,8.9375,Cywee Accelerometer Sensor
1555919438702,3,0.32373047,-0.11804199,-0.93603516,Cywee Gyroscope Sensor
1555919438702,3,22.96875,24.09375,-23.59375,Cywee Magnetic field Sensor
1555919438703,3,3.53125,2.5058594,8.921875,Cywee Accelerometer Sensor
1555919438734,3,3.7265625,1.78125,8.84375,Cywee Accelerometer Sensor
1555919438736,3,3.7988281,2.0371094,8.7578125,Cywee Accelerometer Sensor
1555919438739,3,3.8320312,2.3925781,8.7265625,Cywee Accelerometer Sensor
1555919438750,3,3.7558594,2.4785156,8.4375,Cywee Accelerometer Sensor
1555919438751,3,3.7167969,2.5722656,8.265625,Cywee Accelerometer Sensor
1555919438752,3,3.5664062,2.1132812,8.1171875,Cywee Accelerometer Sensor
1555919438752,3,3.6113281,1.9316406,8.1015625,Cywee Accelerometer Sensor
1555919438753,3,0.18481445,0.14807129,-0.8378906,Cywee Linear Acceleration
1555919438753,5,0.14990234,-0.122802734,0.36132812,0.91208047,0.0,Cywee Rotation Vector
1555919438753,3,3.3359375,2.1523438,8.2109375,Cywee Accelerometer Sensor
1555919438754,3,3.2480469,2.4492188,8.09375,Cywee Accelerometer Sensor
1555919438754,3,0.07159424,0.47143555,-0.2902832,Cywee Gyroscope Sensor
1555919438755,3,20.71875,26.796875,-24.5,Cywee Magnetic field Sensor
1555919438755,3,3.0605469,2.3652344,8.21875,Cywee Accelerometer Sensor
1555919438755,3,2.7851562,2.4003906,8.484375,Cywee Accelerometer Sensor
1555919438756,3,2.5449219,2.4726562,8.7421875,Cywee Accelerometer Sensor
1555919438756,3,2.4863281,2.3808594,8.8359375,Cywee Accelerometer Sensor
1555919438764,3,2.1855469,2.5,9.0859375,Cywee Accelerometer Sensor
1555919438765,3,2.1582031,2.5488281,9.1875,Cywee Accelerometer Sensor
1555919438765,3,2.0703125,2.2929688,9.2734375,Cywee Accelerometer Sensor
1555919438767,3,1.8789062,2.4257812,9.65625,Cywee Accelerometer Sensor
1555919438767,3,-0.51464844,0.54052734,0.42749023,Cywee Linear Acceleration
1555919438768,5,0.13061523,-0.068481445,0.3569336,0.9224144,0.0,Cywee Rotation Vector
1555919438769,3,1.6875,2.4257812,9.9375,Cywee Accelerometer Sensor
1555919438780,3,1.8164062,2.0546875,10.2421875,Cywee Accelerometer Sensor
1555919438785,3,-0.4921875,0.5083008,0.009750366,Cywee Gyroscope Sensor
1555919438786,3,23.484375,27.390625,-20.890625,Cywee Magnetic field Sensor
1555919438790,3,2.0332031,1.8291016,10.2265625,Cywee Accelerometer Sensor
1555919438794,3,1.9550781,1.5322266,10.1171875,Cywee Accelerometer Sensor
1555919438796,3,2.0410156,1.5029297,10.0,Cywee Accelerometer Sensor
1555919438797,3,2.1347656,1.4931641,9.90625,Cywee Accelerometer Sensor
1555919438800,3,1.9697266,0.7753906,9.5234375,Cywee Accelerometer Sensor
1555919438802,3,1.7880859,1.0957031,9.5703125,Cywee Accelerometer Sensor
1555919438802,3,1.5722656,1.5507812,9.375,Cywee Accelerometer Sensor
1555919438804,3,1.3095703,1.8984375,9.0,Cywee Accelerometer Sensor
1555919438807,3,-0.3461914,0.9511719,-0.8378906,Cywee Linear Acceleration
1555919438808,5,0.07470703,-0.050689697,0.36132812,0.92805785,0.0,Cywee Rotation Vector
1555919438809,3,1.1386719,2.0273438,8.59375,Cywee Accelerometer Sensor
1555919438812,3,1.1464844,1.5078125,8.140625,Cywee Accelerometer Sensor
1555919438813,3,-0.57958984,0.2512207,0.27148438,Cywee Gyroscope Sensor
1555919438815,3,25.5625,28.296875,-16.6875,Cywee Magnetic field Sensor
1555919438817,3,1.0097656,1.5292969,8.1640625,Cywee Accelerometer Sensor
1555919438818,3,0.8808594,1.953125,8.15625,Cywee Accelerometer Sensor
1555919438819,3,0.8232422,2.0410156,7.9140625,Cywee Accelerometer Sensor
1555919438824,3,0.9838867,1.6035156,7.6796875,Cywee Accelerometer Sensor
1555919438825,3,0.95751953,0.44995117,7.9023438,Cywee Accelerometer Sensor
1555919438825,3,1.4169922,0.05984497,9.9921875,Cywee Accelerometer Sensor
1555919438826,3,1.0605469,0.47387695,13.953125,Cywee Accelerometer Sensor
1555919438826,3,0.11010742,-2.5703125,16.546875,Cywee Accelerometer Sensor
1555919438830,3,-0.59228516,-3.0917969,7.0078125,Cywee Linear Acceleration
1555919438832,5,-0.05810547,-0.06707764,0.42773438,0.89953744,0.0,Cywee Rotation Vector
1555919438833,3,-0.43310547,-6.0546875,16.78125,Cywee Accelerometer Sensor
1555919438835,3,-1.5869141,-12.25,12.8828125,Cywee Accelerometer Sensor
1555919438837,3,-2.1425781,-0.5073242,0.42993164,Cywee Gyroscope Sensor
1555919438838,3,31.109375,27.09375,-8.296875,Cywee Magnetic field Sensor
1555919438840,3,-0.16748047,-8.4609375,9.40625,Cywee Accelerometer Sensor
1555919438842,3,-0.0670166,-0.5957031,8.5625,Cywee Accelerometer Sensor
1555919438843,3,0.38305664,2.6269531,8.265625,Cywee Accelerometer Sensor
1555919438846,3,1.1826172,-0.15075684,7.8476562,Cywee Accelerometer Sensor
1555919438848,3,1.5800781,-1.8310547,7.9765625,Cywee Accelerometer Sensor
1555919438850,3,1.65625,-1.6083984,8.2578125,Cywee Accelerometer Sensor
1555919438851,3,1.8837891,-1.3164062,8.578125,Cywee Accelerometer Sensor
1555919438853,3,1.9462891,-0.9404297,8.8828125,Cywee Accelerometer Sensor
1555919438855,3,0.7314453,0.8154297,-0.6586914,Cywee Linear Acceleration
1555919438856,5,-0.055786133,-0.095703125,0.43652344,0.8928472,0.0,Cywee Rotation Vector
1555919438857,3,2.0644531,-1.0507812,8.90625,Cywee Accelerometer Sensor
1555919438858,3,2.09375,-1.0126953,9.1015625,Cywee Accelerometer Sensor
1555919438859,3,0.024810791,0.19152832,0.4086914,Cywee Gyroscope Sensor
1555919438861,3,29.546875,27.6875,-10.3984375,Cywee Magnetic field Sensor
1555919438864,3,2.0507812,-1.0673828,9.3359375,Cywee Accelerometer Sensor
1555919438864,3,1.859375,-1.9169922,9.6484375,Cywee Accelerometer Sensor
1555919438866,3,1.4960938,-3.2421875,10.15625,Cywee Accelerometer Sensor
1555919438868,3,1.0263672,-4.7578125,10.8359375,Cywee Accelerometer Sensor
1555919438870,3,0.93115234,-5.2734375,10.9609375,Cywee Accelerometer Sensor
1555919438871,3,1.0029297,-3.6523438,11.03125,Cywee Accelerometer Sensor
1555919438873,3,1.1748047,-1.2851562,9.9765625,Cywee Accelerometer Sensor
1555919438875,3,1.2851562,-0.9550781,8.5234375,Cywee Accelerometer Sensor
1555919438877,3,0.1239624,1.3818359,-1.3193359,Cywee Linear Acceleration
1555919438879,5,-0.079833984,-0.09954834,0.4501953,0.88376516,0.0,Cywee Rotation Vector
1555919438880,3,1.1220703,-0.8857422,7.8984375,Cywee Accelerometer Sensor
1555919438881,3,1.0097656,-1.3066406,8.25,Cywee Accelerometer Sensor
1555919438882,3,-0.16992188,-9.899139E-4,0.110839844,Cywee Gyroscope Sensor
1555919438882,3,30.234375,27.390625,-8.0,Cywee Magnetic field Sensor
1555919438883,3,0.99560547,-2.03125,9.1328125,Cywee Accelerometer Sensor
1555919438883,3,0.8808594,-2.7382812,10.1171875,Cywee Accelerometer Sensor
1555919438884,3,0.8354492,-3.484375,10.5234375,Cywee Accelerometer Sensor
1555919438884,3,0.8232422,-3.6699219,10.3984375,Cywee Accelerometer Sensor
1555919438885,3,0.95751953,-3.1933594,9.8203125,Cywee Accelerometer Sensor
1555919438885,3,1.1845703,-2.2773438,9.2734375,Cywee Accelerometer Sensor
1555919438888,3,1.2539062,-1.9462891,9.078125,Cywee Accelerometer Sensor
1555919438891,3,1.4072266,-1.7421875,8.890625,Cywee Accelerometer Sensor
1555919438892,3,0.29663086,0.77685547,-0.4724121,Cywee Linear Acceleration
1555919438894,5,-0.10064697,-0.11395264,0.45092773,0.8795164,0.0,Cywee Rotation Vector
1555919438895,3,1.4599609,-2.2011719,8.9765625,Cywee Accelerometer Sensor
1555919438897,3,1.3544922,-2.8847656,9.328125,Cywee Accelerometer Sensor
1555919438898,3,-0.30810547,0.033050537,0.04058838,Cywee Gyroscope Sensor
1555919438900,3,30.40625,27.390625,-6.5,Cywee Magnetic field Sensor
1555919438902,3,1.2441406,-3.3261719,9.5625,Cywee Accelerometer Sensor
1555919438905,3,1.0771484,-3.3046875,9.7578125,Cywee Accelerometer Sensor
1555919438907,3,1.0390625,-3.0390625,9.7421875,Cywee Accelerometer Sensor
1555919438908,3,1.0908203,-2.6152344,9.5234375,Cywee Accelerometer Sensor
1555919438910,3,1.2324219,-2.4628906,9.2578125,Cywee Accelerometer Sensor
1555919438911,3,1.2900391,-2.6210938,9.171875,Cywee Accelerometer Sensor
1555919438913,3,1.3476562,-2.8535156,9.1328125,Cywee Accelerometer Sensor
1555919438913,3,1.3261719,-2.9335938,9.2109375,Cywee Accelerometer Sensor
1555919438914,3,0.13415527,-0.036743164,-0.06665039,Cywee Linear Acceleration
1555919438916,5,-0.109558105,-0.11975098,0.45043945,0.87793,0.0,Cywee Rotation Vector
1555919438919,3,1.3164062,-3.0585938,9.2578125,Cywee Accelerometer Sensor
1555919438922,3,1.1386719,-3.2910156,9.40625,Cywee Accelerometer Sensor
1555919438922,3,-0.029449463,0.01071167,0.015075684,Cywee Gyroscope Sensor
1555919438923,3,30.9375,25.890625,-8.0,Cywee Magnetic field Sensor
1555919438923,3,1.1201172,-3.0449219,9.4453125,Cywee Accelerometer Sensor
1555919438924,3,1.1083984,-2.8144531,9.4140625,Cywee Accelerometer Sensor
1555919438926,3,1.1826172,-2.75,9.3515625,Cywee Accelerometer Sensor
1555919438927,3,1.2441406,-2.8671875,9.2578125,Cywee Accelerometer Sensor
1555919438929,3,1.2753906,-2.9804688,9.2578125,Cywee Accelerometer Sensor
1555919438931,3,1.296875,-3.078125,9.3515625,Cywee Accelerometer Sensor
1555919438932,3,1.2539062,-3.0332031,9.390625,Cywee Accelerometer Sensor
1555919438937,3,1.2207031,-2.9902344,9.4375,Cywee Accelerometer Sensor
1555919438937,3,0.027297974,-0.02154541,0.12561035,Cywee Linear Acceleration
1555919438940,5,-0.11187744,-0.121398926,0.45117188,0.8770346,0.0,Cywee Rotation Vector
1555919438940,3,1.1777344,-2.9433594,9.359375,Cywee Accelerometer Sensor
1555919438940,3,1.2128906,-2.9433594,9.34375,Cywee Accelerometer Sensor
1555919438944,3,-0.050720215,-0.0020542145,0.0012407303,Cywee Gyroscope Sensor
1555919438945,3,31.453125,26.5,-8.296875,Cywee Magnetic field Sensor
1555919438946,3,1.2089844,-3.015625,9.28125,Cywee Accelerometer Sensor
1555919438948,3,1.2490234,-3.0449219,9.3046875,Cywee Accelerometer Sensor
1555919438950,3,1.2109375,-3.1425781,9.3046875,Cywee Accelerometer Sensor
1555919438953,3,1.2587891,-3.0878906,9.3046875,Cywee Accelerometer Sensor
1555919438954,3,1.2226562,-3.0390625,9.3515625,Cywee Accelerometer Sensor
1555919438957,3,1.2255859,-2.9589844,9.3671875,Cywee Accelerometer Sensor
1555919438959,3,1.2392578,-3.015625,9.3125,Cywee Accelerometer Sensor
1555919438960,3,1.2304688,-3.0332031,9.2890625,Cywee Accelerometer Sensor
1555919438961,3,0.008644104,-0.07409668,0.048980713,Cywee Linear Acceleration
1555919438963,5,-0.113586426,-0.122802734,0.44750977,0.8784945,0.0,Cywee Rotation Vector
1555919438965,3,1.2304688,-3.1074219,9.2734375,Cywee Accelerometer Sensor
1555919438966,3,1.2060547,-3.0605469,9.28125,Cywee Accelerometer Sensor
1555919438967,3,0.0067214966,0.011779785,0.0054969788,Cywee Gyroscope Sensor
1555919438967,3,30.75,25.890625,-7.6992188,Cywee Magnetic field Sensor
1555919438968,3,1.2304688,-3.1191406,9.3515625,Cywee Accelerometer Sensor
1555919438969,3,1.2255859,-3.0234375,9.390625,Cywee Accelerometer Sensor
1555919438969,3,1.2158203,-3.0019531,9.3671875,Cywee Accelerometer Sensor
1555919438970,3,1.2177734,-2.9941406,9.3828125,Cywee Accelerometer Sensor
1555919438970,3,1.2226562,-2.984375,9.3203125,Cywee Accelerometer Sensor
1555919438970,3,1.2011719,-3.0722656,9.3359375,Cywee Accelerometer Sensor
1555919438971,3,1.2226562,-3.0996094,9.3359375,Cywee Accelerometer Sensor
1555919438971,3,1.2177734,-3.0898438,9.3125,Cywee Accelerometer Sensor
1555919438971,3,0.009437561,-0.1005249,0.1104126,Cywee Linear Acceleration
1555919438972,5,-0.11352539,-0.123168945,0.44555664,0.8794434,0.0,Cywee Rotation Vector
1555919438972,3,1.2089844,-3.1035156,9.3203125,Cywee Accelerometer Sensor
1555919438972,3,1.2060547,-3.0605469,9.3359375,Cywee Accelerometer Sensor
1555919438973,3,0.0014028549,0.005393982,-8.869171E-4,Cywee Gyroscope Sensor
1555919438973,3,31.453125,26.5,-6.5,Cywee Magnetic field Sensor
1555919438973,3,1.2109375,-3.0175781,9.3515625,Cywee Accelerometer Sensor
1555919438973,3,1.2128906,-2.9589844,9.359375,Cywee Accelerometer Sensor
1555919438975,3,1.1914062,-3.0371094,9.3046875,Cywee Accelerometer Sensor
1555919438976,3,1.1943359,-3.1171875,9.3203125,Cywee Accelerometer Sensor
1555919438976,3,1.2207031,-3.125,9.2578125,Cywee Accelerometer Sensor
1555919438977,3,1.2128906,-3.0878906,9.3125,Cywee Accelerometer Sensor
1555919438977,3,1.2470703,-3.0761719,9.3046875,Cywee Accelerometer Sensor
1555919438977,3,1.2539062,-3.0683594,9.3203125,Cywee Accelerometer Sensor
1555919438977,3,-0.014091492,-0.095825195,0.044433594,Cywee Linear Acceleration
1555919438978,5,-0.11419678,-0.1237793,0.44384766,0.8801347,0.0,Cywee Rotation Vector
1555919438978,3,1.2324219,-3.0605469,9.3046875,Cywee Accelerometer Sensor
1555919438978,3,1.1962891,-3.0683594,9.359375,Cywee Accelerometer Sensor
1555919438979,3,-0.0049819946,0.005393982,0.0023040771,Cywee Gyroscope Sensor
1555919438979,3,30.75,26.796875,-7.0976562,Cywee Magnetic field Sensor
1555919438979,3,1.2207031,-3.0429688,9.34375,Cywee Accelerometer Sensor
1555919438979,3,1.2060547,-3.1035156,9.3203125,Cywee Accelerometer Sensor
1555919438980,3,1.2041016,-3.0976562,9.3046875,Cywee Accelerometer Sensor
1555919438980,3,1.2421875,-3.09375,9.296875,Cywee Accelerometer Sensor
1555919438980,3,1.2041016,-3.0976562,9.328125,Cywee Accelerometer Sensor
1555919438981,3,1.2060547,-3.0507812,9.3046875,Cywee Accelerometer Sensor
1555919438981,3,1.1943359,-3.0449219,9.328125,Cywee Accelerometer Sensor
1555919438982,3,1.2177734,-3.0703125,9.3203125,Cywee Accelerometer Sensor
1555919438982,3,-0.056884766,-0.070129395,0.085754395,Cywee Linear Acceleration
1555919438983,5,-0.11401367,-0.12408447,0.44384766,0.88011545,0.0,Cywee Rotation Vector
1555919438983,3,1.2304688,-3.0585938,9.3125,Cywee Accelerometer Sensor
1555919438984,3,1.2304688,-3.0585938,9.3125,Cywee Accelerometer Sensor
1555919438984,3,-0.0049819946,-9.899139E-4,-0.001950264,Cywee Gyroscope Sensor
1555919438985,3,30.9375,26.1875,-7.3984375,Cywee Magnetic field Sensor
1555919438986,3,1.2275391,-3.1191406,9.3046875,Cywee Accelerometer Sensor
1555919438986,3,1.2304688,-3.1171875,9.265625,Cywee Accelerometer Sensor
1555919438986,3,1.2041016,-3.078125,9.3203125,Cywee Accelerometer Sensor
1555919438987,3,1.2304688,-3.0546875,9.328125,Cywee Accelerometer Sensor
1555919438987,3,1.2207031,-3.0898438,9.3203125,Cywee Accelerometer Sensor
1555919438988,3,1.2207031,-3.09375,9.3203125,Cywee Accelerometer Sensor
1555919438988,3,1.2011719,-3.1015625,9.2890625,Cywee Accelerometer Sensor
1555919438989,3,1.2207031,-3.0878906,9.296875,Cywee Accelerometer Sensor
1555919438990,3,-0.018218994,-0.013832092,0.024978638,Cywee Linear Acceleration
1555919438990,5,-0.11395264,-0.12451172,0.44433594,0.87981653,0.0,Cywee Rotation Vector
1555919438991,3,1.2421875,-3.109375,9.3046875,Cywee Accelerometer Sensor
1555919438994,3,1.2207031,-3.0820312,9.3046875,Cywee Accelerometer Sensor
1555919438994,3,-0.003917694,0.0011367798,-8.869171E-4,Cywee Gyroscope Sensor
1555919438995,3,31.453125,26.1875,-5.8984375,Cywee Magnetic field Sensor
1555919438997,3,1.2109375,-3.0722656,9.3203125,Cywee Accelerometer Sensor
1555919438997,3,1.2060547,-3.0898438,9.3125,Cywee Accelerometer Sensor
1555919438998,3,1.2109375,-3.0683594,9.3203125,Cywee Accelerometer Sensor
1555919438998,3,1.2255859,-3.1015625,9.2890625,Cywee Accelerometer Sensor
1555919438999,3,1.2207031,-3.0761719,9.3203125,Cywee Accelerometer Sensor
1555919438999,3,1.2255859,-3.0722656,9.3125,Cywee Accelerometer Sensor
1555919438999,3,1.2177734,-3.0585938,9.3359375,Cywee Accelerometer Sensor
1555919439000,3,1.2011719,-3.0996094,9.296875,Cywee Accelerometer Sensor
1555919439001,3,0.0017471313,-0.0040245056,-0.0063209534,Cywee Linear Acceleration
1555919439001,5,-0.11383057,-0.12475586,0.44433594,0.8797978,0.0,Cywee Rotation Vector
1555919439002,3,1.2275391,-3.0820312,9.3046875,Cywee Accelerometer Sensor
1555919439002,3,1.2177734,-3.1132812,9.3203125,Cywee Accelerometer Sensor
1555919439003,3,-0.010299683,7.343292E-5,1.77145E-4,Cywee Gyroscope Sensor
1555919439003,3,30.9375,26.796875,-7.3984375,Cywee Magnetic field Sensor
1555919439004,3,1.2275391,-3.1074219,9.296875,Cywee Accelerometer Sensor
1555919439004,3,1.2636719,-3.3164062,9.203125,Cywee Accelerometer Sensor
1555919439005,3,1.3183594,-3.4648438,9.2890625,Cywee Accelerometer Sensor
1555919439005,3,1.2998047,-3.4316406,9.1796875,Cywee Accelerometer Sensor
1555919439006,3,1.2734375,-3.2578125,9.3046875,Cywee Accelerometer Sensor
1555919439006,3,1.1220703,-2.8242188,9.4453125,Cywee Accelerometer Sensor
1555919439007,3,1.1035156,-2.5234375,9.46875,Cywee Accelerometer Sensor
1555919439007,3,1.1298828,-2.4101562,9.4921875,Cywee Accelerometer Sensor
1555919439008,3,-0.052215576,0.20983887,0.0635376,Cywee Linear Acceleration
1555919439008,5,-0.09692383,-0.11230469,0.44213867,0.88459414,0.0,Cywee Rotation Vector
1555919439008,3,1.1464844,-2.5039062,9.4765625,Cywee Accelerometer Sensor
1555919439009,3,1.09375,-2.6464844,9.515625,Cywee Accelerometer Sensor
1555919439009,3,0.23339844,0.045806885,-0.055145264,Cywee Gyroscope Sensor
1555919439010,3,31.453125,26.1875,-8.296875,Cywee Magnetic field Sensor
1555919439011,3,1.0722656,-2.671875,9.546875,Cywee Accelerometer Sensor
1555919439012,3,1.0078125,-2.9375,9.65625,Cywee Accelerometer Sensor
1555919439013,3,1.0146484,-2.8242188,9.6796875,Cywee Accelerometer Sensor
1555919439013,3,1.0722656,-2.9453125,9.5859375,Cywee Accelerometer Sensor
1555919439013,3,1.1083984,-3.2304688,9.4453125,Cywee Accelerometer Sensor
1555919439014,3,1.2109375,-2.9238281,9.015625,Cywee Accelerometer Sensor
1555919439014,3,1.3359375,-3.7773438,9.375,Cywee Accelerometer Sensor
1555919439014,3,1.3447266,-2.6132812,10.6796875,Cywee Accelerometer Sensor
1555919439014,3,0.14245605,-0.29516602,1.6552734,Cywee Linear Acceleration
1555919439015,5,-0.045532227,-0.09118652,0.43041992,0.89685595,0.0,Cywee Rotation Vector
1555919439015,3,1.2324219,-1.3398438,11.6796875,Cywee Accelerometer Sensor
1555919439015,3,0.7661133,-1.09375,12.25,Cywee Accelerometer Sensor
1555919439016,3,1.0527344,-0.42773438,-0.44140625,Cywee Gyroscope Sensor
1555919439016,3,29.015625,27.390625,-13.09375,Cywee Magnetic field Sensor
1555919439016,3,0.24658203,-1.1728516,13.0546875,Cywee Accelerometer Sensor
1555919439016,3,0.04547119,-1.9199219,13.1015625,Cywee Accelerometer Sensor
1555919439017,3,0.15319824,-1.9863281,12.9453125,Cywee Accelerometer Sensor
1555919439017,3,0.7680664,-1.8789062,12.1640625,Cywee Accelerometer Sensor
1555919439017,3,1.2900391,-2.1035156,11.515625,Cywee Accelerometer Sensor
1555919439018,3,1.7763672,-1.9794922,11.0859375,Cywee Accelerometer Sensor
1555919439018,3,2.1679688,-2.0214844,10.59375,Cywee Accelerometer Sensor
1555919439018,3,2.7304688,-2.125,10.1796875,Cywee Accelerometer Sensor
1555919439019,3,-0.96484375,-1.9619141,1.0507812,Cywee Linear Acceleration
1555919439019,5,0.06036377,-0.18286133,0.3449707,0.91864747,0.0,Cywee Rotation Vector
1555919439019,3,2.8671875,-2.0332031,10.1328125,Cywee Accelerometer Sensor
1555919439020,3,3.1523438,-1.5585938,9.734375,Cywee Accelerometer Sensor
1555919439020,3,0.68115234,-2.1777344,-1.8847656,Cywee Gyroscope Sensor
1555919439020,3,16.546875,32.5,-23.890625,Cywee Magnetic field Sensor
1555919439021,3,3.3554688,-1.2519531,9.3359375,Cywee Accelerometer Sensor
1555919439021,3,3.5117188,-1.0097656,8.859375,Cywee Accelerometer Sensor
1555919439022,3,3.7773438,-0.46679688,8.8046875,Cywee Accelerometer Sensor
1555919439023,3,3.8808594,0.7397461,8.7109375,Cywee Accelerometer Sensor
1555919439024,3,4.5664062,1.5146484,8.46875,Cywee Accelerometer Sensor
1555919439024,3,5.0703125,2.7011719,8.3984375,Cywee Accelerometer Sensor
1555919439024,3,5.5820312,3.7011719,8.4921875,Cywee Accelerometer Sensor
1555919439025,3,6.3007812,3.71875,8.09375,Cywee Accelerometer Sensor
1555919439025,3,-0.39770508,0.8881836,1.7460938,Cywee Linear Acceleration
1555919439025,5,0.25561523,-0.36157227,0.12915039,0.88726914,0.0,Cywee Rotation Vector
1555919439025,3,6.6210938,5.625,7.6132812,Cywee Accelerometer Sensor
1555919439026,3,5.8984375,7.8515625,6.9179688,Cywee Accelerometer Sensor
1555919439026,3,4.421875,-3.0429688,-1.6445312,Cywee Gyroscope Sensor
1555919439026,3,-10.2890625,25.59375,-30.796875,Cywee Magnetic field Sensor
1555919439027,3,6.09375,9.0546875,5.8710938,Cywee Accelerometer Sensor
1555919439027,3,6.5351562,9.0859375,5.1328125,Cywee Accelerometer Sensor
1555919439027,3,6.4648438,8.359375,4.3085938,Cywee Accelerometer Sensor
1555919439028,3,6.4453125,7.4296875,3.3085938,Cywee Accelerometer Sensor
1555919439028,3,6.3398438,6.7695312,2.0839844,Cywee Accelerometer Sensor
1555919439028,3,6.1640625,5.8320312,0.63183594,Cywee Accelerometer Sensor
1555919439028,3,6.2695312,4.3828125,-0.54345703,Cywee Accelerometer Sensor
1555919439029,3,5.8554688,3.9257812,-1.2226562,Cywee Accelerometer Sensor
1555919439029,3,-1.1748047,-2.8945312,0.4116211,Cywee Linear Acceleration
1555919439029,5,0.59375,-0.49902344,0.052520752,0.6290295,0.0,Cywee Rotation Vector
1555919439029,3,5.5234375,3.5976562,-1.921875,Cywee Accelerometer Sensor
1555919439030,3,5.4453125,2.984375,-3.1210938,Cywee Accelerometer Sensor
1555919439030,3,2.4414062,-2.0546875,-0.8203125,Cywee Gyroscope Sensor
1555919439030,3,-26.90625,3.0996094,-24.796875,Cywee Magnetic field Sensor
1555919439031,3,5.1210938,2.7421875,-4.1132812,Cywee Accelerometer Sensor
1555919439031,3,4.7695312,3.1445312,-4.9375,Cywee Accelerometer Sensor
1555919439031,3,4.6484375,3.4882812,-5.4492188,Cywee Accelerometer Sensor
1555919439032,3,4.3398438,3.9277344,-6.1757812,Cywee Accelerometer Sensor
1555919439032,3,3.9726562,3.9042969,-6.640625,Cywee Accelerometer Sensor
1555919439032,3,3.5019531,4.453125,-6.703125,Cywee Accelerometer Sensor
1555919439033,3,3.453125,4.5742188,-7.375,Cywee Accelerometer Sensor
1555919439033,3,3.453125,4.5742188,-7.375,Cywee Accelerometer Sensor
1555919439033,3,-0.91796875,-1.4804688,-1.5253906,Cywee Linear Acceleration
1555919439033,5,0.73339844,-0.5263672,4.930496E-4,0.43019074,0.0,Cywee Rotation Vector
1555919439034,3,3.1171875,4.8710938,-7.6601562,Cywee Accelerometer Sensor
1555919439034,3,2.9375,4.765625,-8.046875,Cywee Accelerometer Sensor
1555919439034,3,0.90234375,-0.99902344,-0.64746094,Cywee Gyroscope Sensor
1555919439034,3,-32.25,-8.296875,-13.6953125,Cywee Magnetic field Sensor
1555919439035,3,3.0898438,4.7617188,-8.3359375,Cywee Accelerometer Sensor
1555919439035,3,2.9277344,5.0898438,-8.4375,Cywee Accelerometer Sensor
1555919439036,3,2.7382812,4.8710938,-8.734375,Cywee Accelerometer Sensor
1555919439037,3,2.6875,4.8476562,-8.8046875,Cywee Accelerometer Sensor
1555919439041,3,2.6835938,4.9257812,-8.828125,Cywee Accelerometer Sensor
1555919439041,3,2.7832031,5.140625,-8.7890625,Cywee Accelerometer Sensor
1555919439042,3,2.78125,4.8125,-8.78125,Cywee Accelerometer Sensor
1555919439042,3,2.6835938,4.7148438,-8.8359375,Cywee Accelerometer Sensor
1555919439043,3,-0.14050293,-0.56640625,-1.1064453,Cywee Linear Acceleration
1555919439043,5,0.79003906,-0.52246094,-0.035186768,0.31880203,0.0,Cywee Rotation Vector
1555919439043,3,2.6484375,4.5703125,-8.984375,Cywee Accelerometer Sensor
1555919439044,3,2.6933594,4.8242188,-8.9140625,Cywee Accelerometer Sensor
1555919439044,3,0.26733398,-0.27319336,-0.15197754,Cywee Gyroscope Sensor
1555919439044,3,-30.890625,-13.3984375,-8.296875,Cywee Magnetic field Sensor
1555919439045,3,2.7226562,5.109375,-8.703125,Cywee Accelerometer Sensor
1555919439045,3,2.7578125,5.0390625,-8.546875,Cywee Accelerometer Sensor
1555919439046,3,2.7539062,4.8984375,-8.5625,Cywee Accelerometer Sensor
1555919439046,3,2.7519531,5.03125,-8.546875,Cywee Accelerometer Sensor
1555919439046,3,2.6953125,5.3359375,-8.421875,Cywee Accelerometer Sensor
1555919439047,3,2.6191406,5.5898438,-8.2109375,Cywee Accelerometer Sensor
1555919439047,3,2.6015625,5.453125,-8.0234375,Cywee Accelerometer Sensor
1555919439047,3,2.6152344,5.5078125,-7.9921875,Cywee Accelerometer Sensor
1555919439047,3,0.11669922,0.57666016,0.11053467,Cywee Linear Acceleration
1555919439048,5,0.8017578,-0.5161133,-0.036895752,0.29908225,0.0,Cywee Rotation Vector
1555919439048,3,2.6464844,5.5664062,-7.8085938,Cywee Accelerometer Sensor
1555919439048,3,2.5253906,5.5703125,-7.6367188,Cywee Accelerometer Sensor
1555919439049,3,-0.09539795,0.15429688,-0.078552246,Cywee Gyroscope Sensor
1555919439049,3,-29.328125,-14.0,-8.59375,Cywee Magnetic field Sensor
1555919439049,3,2.421875,5.328125,-7.5351562,Cywee Accelerometer Sensor
1555919439050,3,2.4511719,5.296875,-7.6015625,Cywee Accelerometer Sensor
1555919439050,3,2.4941406,5.5898438,-7.765625,Cywee Accelerometer Sensor
1555919439051,3,2.5292969,5.9023438,-7.8710938,Cywee Accelerometer Sensor
1555919439052,3,2.5800781,5.921875,-7.890625,Cywee Accelerometer Sensor
1555919439053,3,2.6640625,5.9101562,-7.9570312,Cywee Accelerometer Sensor
1555919439054,3,2.7597656,5.8984375,-7.9960938,Cywee Accelerometer Sensor
1555919439055,3,2.8125,5.9648438,-7.9101562,Cywee Accelerometer Sensor
1555919439055,3,2.8066406,6.0742188,-7.7539062,Cywee Accelerometer Sensor
1555919439056,3,2.7929688,6.0859375,-7.5625,Cywee Accelerometer Sensor
1555919439056,3,2.796875,5.9453125,-7.4257812,Cywee Accelerometer Sensor
1555919439056,3,2.8359375,5.8164062,-7.3632812,Cywee Accelerometer Sensor
1555919439057,3,2.9121094,5.765625,-7.2695312,Cywee Accelerometer Sensor
1555919439057,3,0.20373535,0.39746094,0.4033203,Cywee Linear Acceleration
1555919439058,5,0.79833984,-0.50634766,-0.03579712,0.32401252,0.0,Cywee Rotation Vector
1555919439058,3,3.0117188,5.71875,-7.1679688,Cywee Accelerometer Sensor
1555919439059,3,3.1132812,5.6679688,-7.171875,Cywee Accelerometer Sensor
1555919439059,3,3.1933594,5.6679688,-7.140625,Cywee Accelerometer Sensor
1555919439059,3,3.2304688,5.625,-7.1601562,Cywee Accelerometer Sensor
1555919439060,3,-27.765625,-15.1953125,-8.8984375,Cywee Magnetic field Sensor
1555919439060,3,3.2480469,5.59375,-7.1992188,Cywee Accelerometer Sensor
1555919439061,3,3.2597656,5.625,-7.3203125,Cywee Accelerometer Sensor
1555919439061,3,3.3007812,5.6757812,-7.4296875,Cywee Accelerometer Sensor
1555919439062,3,3.3339844,5.7382812,-7.5039062,Cywee Accelerometer Sensor
1555919439062,3,3.3203125,5.78125,-7.5898438,Cywee Accelerometer Sensor
1555919439063,3,3.3242188,5.7773438,-7.6132812,Cywee Accelerometer Sensor
1555919439063,3,0.06311035,0.025604248,0.0065612793,Cywee Gyroscope Sensor
1555919439064,3,3.2949219,5.7421875,-7.640625,Cywee Accelerometer Sensor
1555919439064,3,3.2890625,5.6953125,-7.6757812,Cywee Accelerometer Sensor
1555919439065,3,-1.5703125,9.25,-8.3984375,Cywee Accelerometer Sensor
1555919439065,3,6.15625,5.6757812,-8.4453125,Cywee Accelerometer Sensor
1555919439066,3,5.0898438,-0.24658203,-9.4609375,Cywee Accelerometer Sensor
1555919439067,3,3.6230469,5.5859375,-8.171875,Cywee Accelerometer Sensor
1555919439067,3,3.0488281,7.7109375,-7.0234375,Cywee Accelerometer Sensor
1555919439068,3,2.8105469,6.3515625,-6.8867188,Cywee Accelerometer Sensor
1555919439068,3,3.46875,6.0195312,-6.8320312,Cywee Accelerometer Sensor
1555919439068,3,3.2285156,5.6132812,-6.7773438,Cywee Accelerometer Sensor
1555919439069,3,0.26245117,0.1348877,0.7246094,Cywee Linear Acceleration
1555919439069,5,0.7973633,-0.49926758,-0.025436401,0.3380779,0.0,Cywee Rotation Vector
1555919439070,3,2.7460938,5.296875,-6.7617188,Cywee Accelerometer Sensor
1555919439070,3,1.8378906,5.5703125,-6.8867188,Cywee Accelerometer Sensor
1555919439084,3,1.9775391,5.5585938,-7.015625,Cywee Accelerometer Sensor
1555919439085,3,3.8085938,5.5039062,-7.0742188,Cywee Accelerometer Sensor
1555919439086,3,-28.296875,-14.296875,-10.3984375,Cywee Magnetic field Sensor
1555919439086,3,4.0,5.8203125,-7.2460938,Cywee Accelerometer Sensor
