1556102403779,3,-1.8115234,-4.140625,8.4921875,Cywee Accelerometer Sensor
1556102403780,3,-1.8886719,-4.03125,8.6796875,Cywee Accelerometer Sensor
1556102403781,3,-1.9267578,-4.2578125,8.8203125,Cywee Accelerometer Sensor
1556102403781,3,-1.8291016,-4.8671875,8.375,Cywee Accelerometer Sensor
1556102403782,3,-1.390625,-5.1601562,8.28125,Cywee Accelerometer Sensor
1556102403782,3,-1.2392578,-4.890625,8.5546875,Cywee Accelerometer Sensor
1556102403783,3,-1.7285156,-4.3789062,8.59375,Cywee Accelerometer Sensor
1556102403783,1,2490.0,Cywee Step Counter
1556102403798,3,-2.1152344,-4.0429688,8.609375,Cywee Accelerometer Sensor
1556102403800,3,-2.15625,-4.1289062,8.59375,Cywee Accelerometer Sensor
1556102403802,3,-1.9199219,-4.3203125,8.5,Cywee Accelerometer Sensor
1556102403821,3,-1.7451172,-4.5039062,8.5078125,Cywee Accelerometer Sensor
1556102403823,3,-1.8095703,-4.59375,8.5625,Cywee Accelerometer Sensor
1556102403824,3,-2.0117188,-4.5351562,8.6640625,Cywee Accelerometer Sensor
1556102403853,3,-2.1992188,-4.4765625,8.6875,Cywee Accelerometer Sensor
1556102403854,3,-2.2636719,-4.4140625,8.6015625,Cywee Accelerometer Sensor
1556102403854,3,-2.1757812,-4.3828125,8.546875,Cywee Accelerometer Sensor
1556102403884,3,-2.03125,-4.3710938,8.5390625,Cywee Accelerometer Sensor
1556102403888,3,-2.0058594,-4.3710938,8.609375,Cywee Accelerometer Sensor
1556102403889,3,-1.953125,-4.453125,8.6796875,Cywee Accelerometer Sensor
1556102403940,3,-1.9072266,-4.5273438,8.734375,Cywee Accelerometer Sensor
1556102403941,3,-1.7929688,-4.484375,8.796875,Cywee Accelerometer Sensor
1556102403941,3,-1.75,-4.421875,8.7890625,Cywee Accelerometer Sensor
1556102403947,3,-1.8027344,-4.390625,8.7265625,Cywee Accelerometer Sensor
1556102403951,3,-1.8955078,-4.359375,8.6328125,Cywee Accelerometer Sensor
1556102403953,3,-1.9599609,-4.3789062,8.5703125,Cywee Accelerometer Sensor
1556102403962,3,-1.9726562,-4.3945312,8.6015625,Cywee Accelerometer Sensor
1556102403982,3,-2.0585938,-4.203125,8.6171875,Cywee Accelerometer Sensor
1556102403990,3,-1.9316406,-4.1835938,8.6953125,Cywee Accelerometer Sensor
1556102403992,3,-1.7949219,-4.3125,8.46875,Cywee Accelerometer Sensor
1556102404001,3,-1.6132812,-4.4804688,8.4453125,Cywee Accelerometer Sensor
1556102404003,3,-1.5078125,-4.46875,8.4921875,Cywee Accelerometer Sensor
1556102404030,3,-1.5507812,-4.359375,8.546875,Cywee Accelerometer Sensor
1556102404031,3,-1.7041016,-4.3203125,8.53125,Cywee Accelerometer Sensor
1556102404031,3,-1.7851562,-4.390625,8.4140625,Cywee Accelerometer Sensor
1556102404060,3,-1.7158203,-4.4765625,8.2265625,Cywee Accelerometer Sensor
1556102404063,3,-1.6181641,-4.5117188,8.21875,Cywee Accelerometer Sensor
1556102404064,3,-1.5839844,-4.5507812,8.2734375,Cywee Accelerometer Sensor
1556102404093,3,-1.6894531,-4.5546875,8.3046875,Cywee Accelerometer Sensor
1556102404096,3,-1.8378906,-4.4765625,8.3671875,Cywee Accelerometer Sensor
1556102404098,3,-1.9267578,-4.2851562,8.40625,Cywee Accelerometer Sensor
1556102404125,3,-2.1738281,-4.0273438,8.6328125,Cywee Accelerometer Sensor
1556102404126,3,-2.2558594,-3.75,8.5078125,Cywee Accelerometer Sensor
1556102404128,3,-31.578125,3.5,-20.5,Cywee Magnetic field Sensor
1556102404134,3,-2.0078125,-3.9609375,8.1171875,Cywee Accelerometer Sensor
1556102404145,3,-1.9697266,-4.546875,7.6992188,Cywee Accelerometer Sensor
1556102404146,3,-1.7666016,-4.8085938,7.5117188,Cywee Accelerometer Sensor
1556102404170,3,-1.4169922,-4.3945312,7.4726562,Cywee Accelerometer Sensor
1556102404173,3,-1.4697266,-3.671875,7.3007812,Cywee Accelerometer Sensor
1556102404174,3,-1.9433594,-3.15625,7.2265625,Cywee Accelerometer Sensor
1556102404200,3,-2.2734375,-2.9023438,7.28125,Cywee Accelerometer Sensor
1556102404203,3,-2.96875,-3.3339844,7.265625,Cywee Accelerometer Sensor
1556102404204,3,-3.3027344,-4.2578125,7.0234375,Cywee Accelerometer Sensor
1556102404230,3,-1.9033203,-4.6875,6.2851562,Cywee Accelerometer Sensor
1556102404232,3,-1.6083984,-4.9414062,5.625,Cywee Accelerometer Sensor
1556102404233,3,-1.921875,-5.0078125,4.9023438,Cywee Accelerometer Sensor
1556102404260,3,-1.9462891,-4.7578125,4.4609375,Cywee Accelerometer Sensor
1556102404261,3,-1.8769531,-4.1210938,4.3164062,Cywee Accelerometer Sensor
1556102404262,3,-1.8408203,-3.3339844,4.28125,Cywee Accelerometer Sensor
1556102404289,3,-2.0214844,-2.5898438,4.359375,Cywee Accelerometer Sensor
1556102404291,3,-1.5273438,0.2055664,1.7382812,Cywee Gyroscope Sensor
1556102404293,3,-6.7617188,3.3027344,-8.890625,Cywee Linear Acceleration
1556102404295,5,-0.0769043,0.16418457,-0.7207031,0.66911596,0.0,Cywee Rotation Vector
1556102404297,3,-2.34375,-2.0859375,4.3984375,Cywee Accelerometer Sensor
1556102404300,3,-2.6835938,-1.8789062,4.3320312,Cywee Accelerometer Sensor
1556102404309,3,-3.0644531,-1.9052734,4.1289062,Cywee Accelerometer Sensor
1556102404312,3,-3.0644531,-1.9052734,4.1289062,Cywee Accelerometer Sensor
1556102404313,3,-28.46875,14.0,-16.890625,Cywee Magnetic field Sensor
1556102404339,3,-3.7988281,-2.3027344,3.5703125,Cywee Accelerometer Sensor
1556102404341,3,-3.7988281,-2.3027344,3.5703125,Cywee Accelerometer Sensor
1556102404341,3,-4.2773438,-2.6660156,3.5761719,Cywee Accelerometer Sensor
1556102404368,3,-5.0273438,-3.8027344,4.0,Cywee Accelerometer Sensor
1556102404369,3,-6.0039062,-5.921875,4.1992188,Cywee Accelerometer Sensor
1556102404370,3,-7.0039062,-8.3984375,4.3476562,Cywee Accelerometer Sensor
1556102404398,3,-7.5625,-10.5546875,4.203125,Cywee Accelerometer Sensor
1556102404399,3,-7.296875,-11.546875,3.6113281,Cywee Accelerometer Sensor
1556102404400,3,-6.8710938,-11.2734375,3.1972656,Cywee Accelerometer Sensor
1556102404430,3,-6.890625,-10.0546875,3.1386719,Cywee Accelerometer Sensor
1556102404431,3,-7.4257812,-8.4921875,3.3144531,Cywee Accelerometer Sensor
1556102404433,3,-8.390625,-7.1054688,3.7597656,Cywee Accelerometer Sensor
1556102404458,3,-9.265625,-5.8984375,4.234375,Cywee Accelerometer Sensor
1556102404460,3,-9.75,-4.90625,4.625,Cywee Accelerometer Sensor
1556102404463,3,-10.046875,-4.09375,4.9414062,Cywee Accelerometer Sensor
1556102404490,3,-10.2421875,-3.6738281,4.8554688,Cywee Accelerometer Sensor
1556102404491,3,-2.2695312,0.38208008,3.4550781,Cywee Gyroscope Sensor
1556102404492,3,-11.90625,4.6367188,-6.0117188,Cywee Linear Acceleration
1556102404493,5,-0.1739502,0.35229492,-0.43041992,0.8126305,0.0,Cywee Rotation Vector
1556102404494,3,-10.375,-3.7226562,4.3789062,Cywee Accelerometer Sensor
1556102404494,3,-10.3203125,-4.1640625,3.6953125,Cywee Accelerometer Sensor
1556102404519,3,-10.171875,-4.7617188,2.9941406,Cywee Accelerometer Sensor
1556102404520,3,-9.9609375,-5.2421875,2.2949219,Cywee Accelerometer Sensor
1556102404522,3,-9.25,34.6875,1.3994141,Cywee Magnetic field Sensor
1556102404522,3,-9.875,-5.4921875,1.6845703,Cywee Accelerometer Sensor
1556102404550,3,-9.9375,-5.6992188,1.2226562,Cywee Accelerometer Sensor
1556102404551,3,-9.984375,-6.0429688,0.9189453,Cywee Accelerometer Sensor
1556102404552,3,-10.0390625,-6.3945312,0.6894531,Cywee Accelerometer Sensor
1556102404585,3,-10.0703125,-6.5859375,0.4428711,Cywee Accelerometer Sensor
1556102404586,3,-10.1171875,-6.8632812,0.43310547,Cywee Accelerometer Sensor
1556102404600,3,-10.1796875,-7.2265625,0.5913086,Cywee Accelerometer Sensor
1556102404601,3,-10.1328125,-7.65625,0.7636719,Cywee Accelerometer Sensor
1556102404627,3,-9.9453125,-7.9140625,0.9501953,Cywee Accelerometer Sensor
1556102404628,3,-9.7734375,-7.8945312,1.0429688,Cywee Accelerometer Sensor
1556102404629,3,-9.6328125,-7.7421875,1.0390625,Cywee Accelerometer Sensor
1556102404678,3,-9.5625,-7.4609375,0.92626953,Cywee Accelerometer Sensor
1556102404680,3,-9.53125,-7.1015625,0.78515625,Cywee Accelerometer Sensor
1556102404681,3,-9.4140625,-6.6640625,0.6557617,Cywee Accelerometer Sensor
1556102404683,3,-7.3945312,2.1542969,-6.0585938,Cywee Linear Acceleration
1556102404684,5,-0.35668945,0.49145508,-0.016555786,0.79433644,0.0,Cywee Rotation Vector
1556102404686,3,-9.0546875,-5.5703125,0.5957031,Cywee Accelerometer Sensor
1556102404717,3,-9.2578125,-4.5742188,0.48120117,Cywee Accelerometer Sensor
1556102404718,3,7.3164062,29.09375,21.1875,Cywee Magnetic field Sensor
1556102404718,3,-9.234375,-3.8535156,0.47387695,Cywee Accelerometer Sensor
1556102404762,3,-9.0078125,-3.34375,0.4091797,Cywee Accelerometer Sensor
1556102404766,3,-8.9921875,-2.8867188,0.4116211,Cywee Accelerometer Sensor
1556102404797,3,-9.234375,-2.5664062,0.81396484,Cywee Accelerometer Sensor
1556102404797,3,-9.390625,-1.9101562,0.87353516,Cywee Accelerometer Sensor
1556102404836,3,-9.3828125,-2.1855469,0.84228516,Cywee Accelerometer Sensor
1556102404837,3,-8.609375,-2.9316406,0.40698242,Cywee Accelerometer Sensor
1556102404876,3,-7.9921875,-3.5214844,0.31347656,Cywee Accelerometer Sensor
1556102404878,3,-3.5546875,-1.5205078,-0.60058594,Cywee Gyroscope Sensor
1556102404878,3,-5.6328125,4.0351562,-6.3320312,Cywee Linear Acceleration
1556102404879,5,-0.36401367,0.48413086,0.051605225,0.7940077,0.0,Cywee Rotation Vector
1556102404879,3,-7.53125,-3.7558594,0.4284668,Cywee Accelerometer Sensor
1556102404917,3,-7.6054688,-3.8222656,0.17236328,Cywee Accelerometer Sensor
1556102404918,3,8.703125,22.1875,26.59375,Cywee Magnetic field Sensor
1556102404918,3,-7.9726562,-4.1484375,0.32543945,Cywee Accelerometer Sensor
1556102404956,3,-8.03125,-4.6015625,0.9716797,Cywee Accelerometer Sensor
1556102404957,3,-7.5429688,-4.7929688,1.4550781,Cywee Accelerometer Sensor
1556102404996,3,-8.125,-4.6210938,1.8115234,Cywee Accelerometer Sensor
1556102404997,3,-8.71875,-4.9882812,1.9462891,Cywee Accelerometer Sensor
1556102405036,3,-8.421875,-5.109375,1.9746094,Cywee Accelerometer Sensor
1556102405037,3,-8.2265625,-5.1367188,1.8476562,Cywee Accelerometer Sensor
1556102405076,3,-8.15625,-5.1484375,2.4511719,Cywee Accelerometer Sensor
1556102405078,3,0.99902344,0.89160156,-0.53027344,Cywee Gyroscope Sensor
1556102405078,3,-7.5273438,4.25,-2.359375,Cywee Linear Acceleration
1556102405079,5,-0.5283203,0.40429688,0.112976074,0.7380095,0.0,Cywee Rotation Vector
1556102405080,3,-9.4765625,-4.7304688,3.3457031,Cywee Accelerometer Sensor
1556102405116,3,-10.4765625,-3.3847656,4.2070312,Cywee Accelerometer Sensor
1556102405117,3,5.9375,20.6875,29.59375,Cywee Magnetic field Sensor
1556102405117,3,-10.328125,-1.9169922,3.984375,Cywee Accelerometer Sensor
1556102405156,3,-9.4140625,-1.6757812,2.5917969,Cywee Accelerometer Sensor
1556102405157,3,-7.9921875,-2.1289062,1.7089844,Cywee Accelerometer Sensor
1556102405196,3,-7.5507812,-2.0742188,1.0673828,Cywee Accelerometer Sensor
1556102405196,3,-7.8007812,-2.2910156,1.8378906,Cywee Accelerometer Sensor
1556102405235,3,-7.9140625,-2.9765625,1.2617188,Cywee Accelerometer Sensor
1556102405236,3,-7.5664062,-3.8945312,1.7324219,Cywee Accelerometer Sensor
1556102405276,3,-7.5273438,-4.1484375,1.0078125,Cywee Accelerometer Sensor
1556102405277,3,0.6425781,0.33422852,0.07397461,Cywee Gyroscope Sensor
1556102405278,3,-6.9140625,4.6796875,-6.3007812,Cywee Linear Acceleration
1556102405278,5,-0.3779297,0.4572754,-0.06097412,0.80271447,0.0,Cywee Rotation Vector
1556102405279,3,-7.9140625,-4.453125,0.7324219,Cywee Accelerometer Sensor
1556102405316,3,-7.9960938,-3.9257812,0.74658203,Cywee Accelerometer Sensor
1556102405316,3,0.7397461,32.375,20.0,Cywee Magnetic field Sensor
1556102405317,3,-8.6640625,-3.8183594,0.8642578,Cywee Accelerometer Sensor
1556102405355,3,-9.140625,-3.734375,1.1611328,Cywee Accelerometer Sensor
1556102405356,3,-9.3046875,-3.8203125,1.2734375,Cywee Accelerometer Sensor
1556102405395,3,-9.25,-3.9785156,1.2441406,Cywee Accelerometer Sensor
1556102405396,3,-9.234375,-4.109375,1.1875,Cywee Accelerometer Sensor
1556102405435,3,-9.484375,-4.09375,1.1943359,Cywee Accelerometer Sensor
1556102405435,3,-9.3828125,-3.8925781,1.2060547,Cywee Accelerometer Sensor
1556102405475,3,-9.1796875,-3.6796875,1.1005859,Cywee Accelerometer Sensor
1556102405476,3,0.5415039,0.2619629,-0.57714844,Cywee Gyroscope Sensor
1556102405477,3,-7.9882812,5.0,-6.21875,Cywee Linear Acceleration
1556102405477,5,-0.31225586,0.48413086,-0.11602783,0.8091051,0.0,Cywee Rotation Vector
1556102405478,3,-9.1875,-3.5742188,1.2539062,Cywee Accelerometer Sensor
1556102405515,3,-9.6953125,-3.8222656,1.3017578,Cywee Accelerometer Sensor
1556102405516,3,-1.1591797,32.6875,13.09375,Cywee Magnetic field Sensor
1556102405516,3,-10.7421875,-4.3085938,0.87841797,Cywee Accelerometer Sensor
1556102405554,3,-9.765625,-4.2226562,0.87841797,Cywee Accelerometer Sensor
1556102405555,3,-7.7460938,-3.9335938,0.87597656,Cywee Accelerometer Sensor
1556102405594,3,-7.90625,-4.171875,0.6723633,Cywee Accelerometer Sensor
1556102405595,3,-8.9375,-4.2695312,1.265625,Cywee Accelerometer Sensor
1556102405634,3,-9.484375,-4.4023438,1.7519531,Cywee Accelerometer Sensor
1556102405635,3,-8.8046875,-3.8066406,1.5722656,Cywee Accelerometer Sensor
1556102405673,3,-8.28125,-3.5253906,0.93847656,Cywee Accelerometer Sensor
1556102405675,3,1.0166016,0.4086914,-0.73876953,Cywee Gyroscope Sensor
1556102405675,3,-7.8554688,5.9921875,-6.8359375,Cywee Linear Acceleration
1556102405676,5,-0.3203125,0.46923828,-0.20129395,0.7979324,0.0,Cywee Rotation Vector
1556102405676,3,-8.0,-3.2890625,0.75878906,Cywee Accelerometer Sensor
1556102405713,3,-8.0703125,-3.2167969,1.1679688,Cywee Accelerometer Sensor
1556102405714,3,-7.75,34.1875,10.6953125,Cywee Magnetic field Sensor
1556102405714,3,-8.1171875,-3.1074219,1.3759766,Cywee Accelerometer Sensor
1556102405753,3,-8.5078125,-3.3515625,0.9477539,Cywee Accelerometer Sensor
1556102405754,3,-8.5,-3.7285156,1.2685547,Cywee Accelerometer Sensor
1556102405793,3,-9.078125,-4.2617188,1.3574219,Cywee Accelerometer Sensor
1556102405794,3,-9.625,-3.6542969,1.4404297,Cywee Accelerometer Sensor
1556102405833,3,-10.0390625,-3.6367188,1.1298828,Cywee Accelerometer Sensor
1556102405834,3,-9.8046875,-3.6796875,0.84228516,Cywee Accelerometer Sensor
1556102405873,3,-9.2578125,-3.6582031,0.60546875,Cywee Accelerometer Sensor
1556102405875,3,-0.93066406,-0.7871094,0.10266113,Cywee Gyroscope Sensor
1556102405875,3,-8.375,4.9609375,-6.859375,Cywee Linear Acceleration
1556102405876,5,-0.29174805,0.47485352,-0.15405273,0.8158829,0.0,Cywee Rotation Vector
1556102405876,3,-9.1796875,-3.5566406,0.79003906,Cywee Accelerometer Sensor
1556102405913,3,-8.734375,-3.3730469,0.9165039,Cywee Accelerometer Sensor
1556102405914,3,-6.7070312,31.796875,11.296875,Cywee Magnetic field Sensor
1556102405914,3,-8.5078125,-3.6699219,0.9213867,Cywee Accelerometer Sensor
1556102405953,3,-8.5859375,-4.140625,0.47387695,Cywee Accelerometer Sensor
1556102405953,3,-8.40625,-4.5195312,0.63427734,Cywee Accelerometer Sensor
1556102405992,3,-8.4140625,-4.5742188,0.74902344,Cywee Accelerometer Sensor
1556102405993,3,-8.6171875,-4.2109375,1.1513672,Cywee Accelerometer Sensor
1556102406032,3,-8.6953125,-3.6542969,1.7304688,Cywee Accelerometer Sensor
1556102406033,3,-8.7421875,-3.8242188,1.6416016,Cywee Accelerometer Sensor
1556102406072,3,-8.515625,-3.9160156,0.96240234,Cywee Accelerometer Sensor
1556102406074,3,-1.3818359,-1.0244141,0.5571289,Cywee Gyroscope Sensor
1556102406074,3,-7.1757812,4.7617188,-6.5429688,Cywee Linear Acceleration
1556102406075,5,-0.36645508,0.453125,-0.024139404,0.81228423,0.0,Cywee Rotation Vector
1556102406075,3,-8.390625,-3.8652344,0.5097656,Cywee Accelerometer Sensor
1556102406112,3,-8.4609375,-3.9570312,0.17712402,Cywee Accelerometer Sensor
1556102406113,3,-1.859375,29.09375,20.296875,Cywee Magnetic field Sensor
1556102406114,3,-8.609375,-3.8027344,-0.05026245,Cywee Accelerometer Sensor
1556102406152,3,-8.8671875,-3.9570312,-0.08618164,Cywee Accelerometer Sensor
1556102406153,3,-9.09375,-4.3164062,-0.07659912,Cywee Accelerometer Sensor
1556102406192,3,-9.3671875,-4.3984375,0.052642822,Cywee Accelerometer Sensor
1556102406192,3,-9.40625,-4.4726562,0.17712402,Cywee Accelerometer Sensor
1556102406232,3,-9.3984375,-4.3671875,0.18432617,Cywee Accelerometer Sensor
1556102406232,3,-9.25,-4.2695312,0.24414062,Cywee Accelerometer Sensor
1556102406272,3,-8.96875,-4.1953125,0.2130127,Cywee Accelerometer Sensor
1556102406273,3,-1.3916016,-0.94970703,1.2441406,Cywee Gyroscope Sensor
1556102406274,3,-6.9296875,3.5390625,-7.0039062,Cywee Linear Acceleration
1556102406275,5,-0.41601562,0.41186523,0.16540527,0.79368705,0.0,Cywee Rotation Vector
1556102406275,3,-8.8671875,-4.1210938,0.08135986,Cywee Accelerometer Sensor
1556102406312,3,-8.875,-4.0859375,0.004787445,Cywee Accelerometer Sensor
1556102406312,3,9.5625,23.09375,27.5,Cywee Magnetic field Sensor
1556102406313,3,-8.9140625,-3.9902344,0.1986084,Cywee Accelerometer Sensor
1556102406351,3,-8.6328125,-3.6953125,0.63427734,Cywee Accelerometer Sensor
1556102406352,3,-8.3125,-3.53125,0.8808594,Cywee Accelerometer Sensor
1556102406391,3,-8.2109375,-3.5058594,0.66796875,Cywee Accelerometer Sensor
1556102406391,3,-9.4609375,-4.0429688,0.17468262,Cywee Accelerometer Sensor
1556102406431,3,-10.1328125,-4.296875,0.17236328,Cywee Accelerometer Sensor
1556102406431,3,-9.1796875,-3.9042969,0.95751953,Cywee Accelerometer Sensor
1556102406471,3,-7.4140625,-3.53125,1.5410156,Cywee Accelerometer Sensor
1556102406474,3,-3.0058594,-1.0175781,0.61328125,Cywee Gyroscope Sensor
1556102406474,3,-4.0078125,3.3574219,-4.140625,Cywee Linear Acceleration
1556102406475,5,-0.54248047,0.35229492,0.39013672,0.6552836,0.0,Cywee Rotation Vector
1556102406475,3,-6.7460938,-3.6171875,1.4140625,Cywee Accelerometer Sensor
1556102406510,3,-7.4023438,-4.28125,1.0986328,Cywee Accelerometer Sensor
1556102406512,3,16.5,5.6992188,34.6875,Cywee Magnetic field Sensor
1556102406514,3,-8.1796875,-4.6289062,1.2900391,Cywee Accelerometer Sensor
1556102406551,3,-8.375,-4.5625,1.9033203,Cywee Accelerometer Sensor
1556102406560,3,-8.125,-4.59375,2.3886719,Cywee Accelerometer Sensor
1556102406574,3,-7.8398438,-4.484375,2.5195312,Cywee Accelerometer Sensor
1556102406687,3,-7.6484375,-4.3671875,2.625,Cywee Accelerometer Sensor
1556102406688,3,-7.625,-4.1679688,2.7148438,Cywee Accelerometer Sensor
1556102406688,3,-8.0625,-4.03125,3.0117188,Cywee Accelerometer Sensor
1556102406689,3,-8.2578125,-4.0078125,3.421875,Cywee Accelerometer Sensor
1556102406690,3,0.30541992,0.6928711,0.87060547,Cywee Gyroscope Sensor
1556102406690,3,-5.0078125,2.1621094,-1.1201172,Cywee Linear Acceleration
1556102406704,5,-0.59277344,0.34350586,0.4477539,0.5745779,0.0,Cywee Rotation Vector
1556102406708,3,-8.3515625,-4.0742188,3.5898438,Cywee Accelerometer Sensor
1556102406722,3,-8.6875,-4.1445312,3.2714844,Cywee Accelerometer Sensor
1556102406725,3,13.7265625,-0.89990234,32.875,Cywee Magnetic field Sensor
1556102406726,3,-8.90625,-4.1914062,3.0019531,Cywee Accelerometer Sensor
1556102406751,3,-8.9921875,-4.078125,2.8222656,Cywee Accelerometer Sensor
1556102406753,3,-9.1640625,-3.8613281,2.75,Cywee Accelerometer Sensor
1556102406789,3,-9.2265625,-3.6621094,2.7675781,Cywee Accelerometer Sensor
1556102406791,3,-9.1171875,-3.5019531,2.7851562,Cywee Accelerometer Sensor
1556102406829,3,-8.9296875,-3.5761719,2.6992188,Cywee Accelerometer Sensor
1556102406830,3,-8.765625,-3.8867188,2.484375,Cywee Accelerometer Sensor
1556102406869,3,-8.71875,-3.9257812,2.390625,Cywee Accelerometer Sensor
1556102406870,3,-0.059448242,-0.21582031,-0.5493164,Cywee Gyroscope Sensor
1556102406900,3,-5.0898438,1.4902344,-2.0878906,Cywee Linear Acceleration
1556102406902,5,-0.57470703,0.38793945,0.45996094,0.5546627,0.0,Cywee Rotation Vector
1556102406903,3,-8.671875,-3.7558594,2.375,Cywee Accelerometer Sensor
1556102406906,3,-8.7421875,-3.6699219,2.1640625,Cywee Accelerometer Sensor
1556102406907,3,13.7265625,0.5996094,35.28125,Cywee Magnetic field Sensor
1556102406928,3,-8.7109375,-3.6621094,1.9960938,Cywee Accelerometer Sensor
1556102406930,3,-8.546875,-3.5390625,2.0195312,Cywee Accelerometer Sensor
1556102406968,3,-8.546875,-3.5566406,1.984375,Cywee Accelerometer Sensor
1556102406970,3,-9.0703125,-4.078125,2.1484375,Cywee Accelerometer Sensor
1556102407008,3,-9.296875,-5.5273438,0.6557617,Cywee Accelerometer Sensor
1556102407010,3,-9.171875,-2.984375,0.6269531,Cywee Accelerometer Sensor
1556102407048,3,-10.3125,-1.9599609,1.3017578,Cywee Accelerometer Sensor
1556102407050,3,-11.2421875,-0.5600586,2.7832031,Cywee Accelerometer Sensor
1556102407051,3,1.4628906,0.44921875,-0.7109375,Cywee Gyroscope Sensor
1556102407078,3,-7.9921875,5.421875,-2.6855469,Cywee Linear Acceleration
1556102407079,5,-0.54003906,0.3857422,0.36206055,0.65457845,0.0,Cywee Rotation Vector
1556102407081,3,-10.59375,-2.9492188,2.4179688,Cywee Accelerometer Sensor
1556102407108,3,-9.140625,-4.5507812,1.4189453,Cywee Accelerometer Sensor
1556102407109,3,11.3046875,9.8984375,31.6875,Cywee Magnetic field Sensor
1556102407111,3,-8.8671875,-5.2382812,0.40454102,Cywee Accelerometer Sensor
1556102407148,3,-10.421875,-5.6015625,-0.16271973,Cywee Accelerometer Sensor
1556102407149,3,-9.7578125,-4.7734375,0.3876953,Cywee Accelerometer Sensor
1556102407187,3,-7.1523438,-3.5585938,1.1611328,Cywee Accelerometer Sensor
1556102407189,3,-5.9414062,-2.8339844,0.78759766,Cywee Accelerometer Sensor
1556102407227,3,-6.5273438,-2.6796875,-0.0335083,Cywee Accelerometer Sensor
1556102407229,3,-7.8242188,-2.7792969,-0.56933594,Cywee Accelerometer Sensor
1556102407267,3,-8.96875,-3.0273438,-0.09094238,Cywee Accelerometer Sensor
1556102407268,3,0.7138672,0.20874023,-1.1787109,Cywee Gyroscope Sensor
1556102407270,3,-7.6523438,5.6601562,-5.234375,Cywee Linear Acceleration
1556102407271,5,-0.5649414,0.31469727,0.26611328,0.71483606,0.0,Cywee Rotation Vector
1556102407273,3,-9.125,-3.4042969,0.890625,Cywee Accelerometer Sensor
1556102407307,3,-8.296875,-3.9355469,1.5820312,Cywee Accelerometer Sensor
1556102407308,3,9.5625,14.3984375,32.28125,Cywee Magnetic field Sensor
1556102407310,3,-7.0117188,-4.2109375,1.5097656,Cywee Accelerometer Sensor
1556102407347,3,-6.3710938,-4.3203125,0.92626953,Cywee Accelerometer Sensor
1556102407348,3,-6.5390625,-4.3125,0.15319824,Cywee Accelerometer Sensor
1556102407387,3,-7.3632812,-4.5742188,0.07659912,Cywee Accelerometer Sensor
1556102407388,3,-8.0625,-4.9296875,0.23217773,Cywee Accelerometer Sensor
1556102407426,3,-8.578125,-5.0703125,0.7636719,Cywee Accelerometer Sensor
1556102407428,3,-8.703125,-4.9101562,1.2304688,Cywee Accelerometer Sensor
1556102407466,3,-8.578125,-4.703125,1.4052734,Cywee Accelerometer Sensor
1556102407468,3,1.4667969,1.0546875,1.7412109,Cywee Gyroscope Sensor
1556102407469,3,-5.796875,2.6367188,-3.4648438,Cywee Linear Acceleration
1556102407471,5,-0.5410156,0.41088867,0.3034668,0.6681171,0.0,Cywee Rotation Vector
1556102407472,3,-8.671875,-4.4023438,1.3115234,Cywee Accelerometer Sensor
1556102407506,3,-8.7890625,-4.2617188,1.2226562,Cywee Accelerometer Sensor
1556102407507,3,8.1875,14.09375,32.28125,Cywee Magnetic field Sensor
1556102407530,3,-9.3125,-3.8339844,1.0126953,Cywee Accelerometer Sensor
1556102407533,3,-9.390625,-3.6855469,1.0244141,Cywee Accelerometer Sensor
1556102407566,3,-9.6015625,-3.3945312,1.1513672,Cywee Accelerometer Sensor
1556102407567,3,-10.1015625,-3.1308594,1.2568359,Cywee Accelerometer Sensor
1556102407606,3,-10.2109375,-2.8105469,1.9794922,Cywee Accelerometer Sensor
1556102407607,3,-9.6015625,-3.3300781,2.09375,Cywee Accelerometer Sensor
1556102407645,3,-9.5,-3.6835938,2.4765625,Cywee Accelerometer Sensor
1556102407647,3,-9.296875,-4.515625,2.125,Cywee Accelerometer Sensor
1556102407648,3,-1.5742188,-0.43066406,-0.061157227,Cywee Gyroscope Sensor
1556102407675,3,-5.609375,1.2070312,-2.2949219,Cywee Linear Acceleration
1556102407700,5,-0.48999023,0.49682617,0.3059082,0.6476832,0.0,Cywee Rotation Vector
1556102407702,3,-8.828125,-4.6640625,2.0703125,Cywee Accelerometer Sensor
1556102407704,3,-8.5546875,-4.8164062,2.078125,Cywee Accelerometer Sensor
1556102407706,3,7.1484375,12.8984375,33.5,Cywee Magnetic field Sensor
1556102407715,3,-8.390625,-4.78125,1.9248047,Cywee Accelerometer Sensor
1556102407745,3,-8.1953125,-4.9414062,1.5390625,Cywee Accelerometer Sensor
1556102407746,3,-8.0234375,-4.9765625,1.2177734,Cywee Accelerometer Sensor
1556102407785,3,-8.0625,-4.7617188,0.8544922,Cywee Accelerometer Sensor
1556102407786,3,-8.375,-4.46875,0.8041992,Cywee Accelerometer Sensor
1556102407825,3,-8.609375,-4.1054688,0.79003906,Cywee Accelerometer Sensor
1556102407826,3,-8.828125,-3.84375,0.8330078,Cywee Accelerometer Sensor
1556102407871,3,-8.9375,-3.7285156,0.81396484,Cywee Accelerometer Sensor
1556102407872,3,0.26708984,-0.18273926,-0.064331055,Cywee Gyroscope Sensor
1556102407874,3,-5.5234375,2.0722656,-3.7441406,Cywee Linear Acceleration
1556102407875,5,-0.5078125,0.4675293,0.34375,0.6366936,0.0,Cywee Rotation Vector
1556102407877,3,-9.0625,-3.7011719,0.7421875,Cywee Accelerometer Sensor
1556102407884,3,-9.140625,-3.7988281,0.59375,Cywee Accelerometer Sensor
1556102407914,3,9.5625,12.59375,32.28125,Cywee Magnetic field Sensor
1556102407940,3,-9.109375,-3.8105469,0.6484375,Cywee Accelerometer Sensor
1556102407943,3,-8.9296875,-3.9941406,0.72021484,Cywee Accelerometer Sensor
1556102407964,3,-8.53125,-3.9785156,0.8232422,Cywee Accelerometer Sensor
1556102407966,3,-8.0859375,-4.0820312,0.8354492,Cywee Accelerometer Sensor
1556102408004,3,-8.0390625,-4.2304688,0.72509766,Cywee Accelerometer Sensor
1556102408006,3,-8.1171875,-4.1992188,0.63427734,Cywee Accelerometer Sensor
1556102408044,3,-8.046875,-3.9804688,0.6894531,Cywee Accelerometer Sensor
1556102408045,3,-8.21875,-3.7148438,0.69628906,Cywee Accelerometer Sensor
1556102408047,3,0.25756836,0.122558594,-0.5673828,Cywee Gyroscope Sensor
1556102408075,3,-5.21875,2.9355469,-4.0390625,Cywee Linear Acceleration
1556102408077,5,-0.53027344,0.43115234,0.33203125,0.6501331,0.0,Cywee Rotation Vector
1556102408078,3,-8.4375,-3.5253906,0.72265625,Cywee Accelerometer Sensor
1556102408104,3,-8.515625,-3.5,0.8520508,Cywee Accelerometer Sensor
1556102408105,3,8.1875,12.59375,33.5,Cywee Magnetic field Sensor
1556102408107,3,-8.65625,-3.4511719,0.92871094,Cywee Accelerometer Sensor
1556102408143,3,-8.640625,-3.4257812,1.0078125,Cywee Accelerometer Sensor
1556102408145,3,-8.7734375,-3.453125,0.99560547,Cywee Accelerometer Sensor
1556102408183,3,-8.65625,-3.4804688,0.9404297,Cywee Accelerometer Sensor
1556102408185,3,-8.4140625,-3.4707031,0.9790039,Cywee Accelerometer Sensor
1556102408223,3,-8.453125,-3.4726562,0.87353516,Cywee Accelerometer Sensor
1556102408225,3,-8.390625,-3.4882812,0.87597656,Cywee Accelerometer Sensor
1556102408263,3,-8.4765625,-3.7382812,0.9814453,Cywee Accelerometer Sensor
1556102408264,3,-0.5180664,0.13208008,-0.7685547,Cywee Gyroscope Sensor
1556102408266,3,-5.8125,3.6074219,-3.5,Cywee Linear Acceleration
1556102408267,5,-0.5605469,0.40063477,0.29467773,0.66215104,0.0,Cywee Rotation Vector
1556102408269,3,-8.2890625,-4.1054688,1.2734375,Cywee Accelerometer Sensor
1556102408303,3,-7.9140625,-4.4882812,1.6757812,Cywee Accelerometer Sensor
1556102408305,3,4.8984375,13.1953125,34.375,Cywee Magnetic field Sensor
1556102408306,3,-7.796875,-4.8710938,1.7041016,Cywee Accelerometer Sensor
1556102408343,3,-7.9140625,-5.0,1.421875,Cywee Accelerometer Sensor
1556102408344,3,-8.234375,-5.0078125,1.0527344,Cywee Accelerometer Sensor
1556102408383,3,-8.4921875,-4.890625,0.99560547,Cywee Accelerometer Sensor
1556102408384,3,-8.7421875,-4.5976562,1.03125,Cywee Accelerometer Sensor
1556102408422,3,-9.0625,-4.3007812,1.03125,Cywee Accelerometer Sensor
1556102408424,3,-9.3515625,-4.1015625,1.0029297,Cywee Accelerometer Sensor
1556102408462,3,-9.5,-3.9453125,1.0390625,Cywee Accelerometer Sensor
1556102408464,3,2.09375,0.7651367,1.0556641,Cywee Gyroscope Sensor
1556102408465,3,-6.3710938,2.5351562,-3.203125,Cywee Linear Acceleration
1556102408466,5,-0.4794922,0.5107422,0.24914551,0.66869736,0.0,Cywee Rotation Vector
1556102408468,3,-9.671875,-3.6699219,1.0244141,Cywee Accelerometer Sensor
1556102408502,3,-9.7578125,-2.3828125,1.3046875,Cywee Accelerometer Sensor
1556102408504,3,3.859375,21.0,28.390625,Cywee Magnetic field Sensor
1556102408505,3,-11.1328125,-3.5234375,4.2539062,Cywee Accelerometer Sensor
1556102408542,3,-9.6328125,-6.40625,3.5175781,Cywee Accelerometer Sensor
1556102408543,3,-8.3671875,-7.9648438,0.28466797,Cywee Accelerometer Sensor
1556102408582,3,-6.5585938,-8.4453125,-0.39501953,Cywee Accelerometer Sensor
1556102408583,3,-7.0195312,-5.84375,0.37109375,Cywee Accelerometer Sensor
1556102408622,3,-9.7734375,-3.8925781,0.19152832,Cywee Accelerometer Sensor
1556102408623,3,-9.6171875,-3.7578125,0.6269531,Cywee Accelerometer Sensor
1556102408661,3,-7.5117188,-4.0664062,0.76123047,Cywee Accelerometer Sensor
1556102408663,3,1.7724609,0.47998047,-1.4951172,Cywee Gyroscope Sensor
1556102408664,3,-4.609375,3.7929688,-3.7851562,Cywee Linear Acceleration
1556102408666,5,-0.5151367,0.4621582,0.17944336,0.6991738,0.0,Cywee Rotation Vector
1556102408690,3,-6.7226562,-4.3828125,0.64160156,Cywee Accelerometer Sensor
1556102408693,3,-6.7851562,-4.3828125,0.5288086,Cywee Accelerometer Sensor
1556102408694,3,-1.1591797,23.6875,25.6875,Cywee Magnetic field Sensor
1556102408721,3,-7.1992188,-3.6835938,0.54345703,Cywee Accelerometer Sensor
1556102408723,3,-7.6601562,-3.1992188,0.54345703,Cywee Accelerometer Sensor
1556102408761,3,-7.765625,-3.2460938,0.49072266,Cywee Accelerometer Sensor
1556102408763,3,-7.8515625,-3.5332031,0.39501953,Cywee Accelerometer Sensor
1556102408801,3,-8.4609375,-3.8964844,0.43310547,Cywee Accelerometer Sensor
1556102408802,3,-8.609375,-3.8554688,0.66552734,Cywee Accelerometer Sensor
1556102408841,3,-8.765625,-3.5703125,0.69628906,Cywee Accelerometer Sensor
1556102408842,3,-8.8359375,-3.6308594,0.62939453,Cywee Accelerometer Sensor
1556102408844,3,0.8364258,0.57373047,0.2644043,Cywee Gyroscope Sensor
1556102443746,3,-6.078125,4.0390625,-4.296875,Cywee Linear Acceleration
1556102443747,5,-0.41015625,0.53125,0.068847656,0.7381093,0.0,Cywee Rotation Vector
1556102443747,3,-8.0078125,-3.8535156,1.0576172,Cywee Accelerometer Sensor
1556102443748,3,-6.046875,-4.7890625,-1.1875,Cywee Accelerometer Sensor
1556102443748,3,-6.6835938,-6.3242188,-1.8330078,Cywee Accelerometer Sensor
1556102443748,3,-2.0371094,-0.65722656,-0.7163086,Cywee Gyroscope Sensor
1556102443749,3,-5.9765625,3.4511719,-5.5390625,Cywee Linear Acceleration
1556102443749,5,-0.5800781,-0.40844727,0.6801758,0.18450232,0.0,Cywee Rotation Vector
1556102443749,3,-6.0703125,-6.9023438,-1.3359375,Cywee Accelerometer Sensor
1556102443750,3,-6.1132812,-6.5742188,-1.0576172,Cywee Accelerometer Sensor
1556102443750,3,28.265625,-23.390625,-12.6953125,Cywee Magnetic field Sensor
1556102443750,3,-7.2109375,-5.4296875,-0.53125,Cywee Accelerometer Sensor
1556102443751,3,-8.2890625,-4.0390625,0.1340332,Cywee Accelerometer Sensor
1556102443751,3,-9.0078125,-2.7949219,1.0146484,Cywee Accelerometer Sensor
1556102443751,3,-9.6875,-2.234375,1.8095703,Cywee Accelerometer Sensor
1556102443752,3,-10.453125,-2.5410156,2.1777344,Cywee Accelerometer Sensor
1556102443752,3,-9.96875,-2.9550781,2.359375,Cywee Accelerometer Sensor
1556102443752,3,-8.9453125,-2.5917969,1.8984375,Cywee Accelerometer Sensor
1556102443753,3,-9.359375,-2.078125,0.3996582,Cywee Accelerometer Sensor
1556102443753,3,-0.16796875,-0.074279785,1.2324219,Cywee Gyroscope Sensor
1556102443753,3,-7.6601562,5.5820312,-6.765625,Cywee Linear Acceleration
1556102443753,5,-0.60253906,-0.15698242,0.74609375,0.23589683,0.0,Cywee Rotation Vector
1556102443754,3,-10.328125,-2.1230469,-1.0820312,Cywee Accelerometer Sensor
1556102443754,3,-9.3828125,-2.0195312,-0.49780273,Cywee Accelerometer Sensor
1556102443754,3,21.34375,-34.5,-2.5,Cywee Magnetic field Sensor
1556102443755,3,-7.5820312,-2.2851562,1.7324219,Cywee Accelerometer Sensor
1556102443755,3,-8.3203125,-3.4257812,2.7851562,Cywee Accelerometer Sensor
1556102443755,3,-10.765625,-4.96875,2.2011719,Cywee Accelerometer Sensor
1556102443757,3,-10.765625,-4.96875,2.2011719,Cywee Accelerometer Sensor
1556102443757,3,-6.9492188,-4.7421875,2.3574219,Cywee Accelerometer Sensor
1556102443758,3,-6.0625,-4.5117188,2.0625,Cywee Accelerometer Sensor
1556102443758,3,-6.3632812,-4.2109375,1.0126953,Cywee Accelerometer Sensor
1556102443758,3,-8.09375,-4.1367188,0.19152832,Cywee Accelerometer Sensor
1556102443758,3,0.9873047,0.61083984,1.0712891,Cywee Gyroscope Sensor
1556102443759,3,-5.5429688,3.3457031,-5.3242188,Cywee Linear Acceleration
1556102443759,5,-0.625,-0.19140625,0.73583984,0.17685692,0.0,Cywee Rotation Vector
1556102443759,3,-9.0703125,-3.2460938,-0.083740234,Cywee Accelerometer Sensor
1556102443760,3,-9.5078125,-1.9316406,1.3398438,Cywee Accelerometer Sensor
1556102443760,3,18.75,-34.78125,-3.3984375,Cywee Magnetic field Sensor
1556102443761,3,-8.8515625,-1.6083984,2.0097656,Cywee Accelerometer Sensor
1556102443761,3,-8.25,-2.7460938,1.4052734,Cywee Accelerometer Sensor
1556102443761,3,-8.171875,-4.3359375,0.84472656,Cywee Accelerometer Sensor
1556102443762,3,-7.8125,-4.8710938,1.1914062,Cywee Accelerometer Sensor
1556102443762,3,-7.921875,-4.8671875,1.7929688,Cywee Accelerometer Sensor
1556102443762,3,-9.203125,-4.9648438,1.5009766,Cywee Accelerometer Sensor
1556102443763,3,-10.265625,-4.6601562,1.2304688,Cywee Accelerometer Sensor
1556102443763,3,-10.09375,-4.5703125,1.9316406,Cywee Accelerometer Sensor
1556102443763,3,0.66845703,-0.016815186,-0.012207031,Cywee Gyroscope Sensor
1556102443764,3,-6.8007812,3.296875,-2.9765625,Cywee Linear Acceleration
1556102443764,5,-0.6254883,-0.23876953,0.7290039,0.14250202,0.0,Cywee Rotation Vector
1556102443764,3,-8.5078125,-4.1132812,2.3984375,Cywee Accelerometer Sensor
1556102443764,3,-7.765625,-3.1015625,2.7460938,Cywee Accelerometer Sensor
1556102443765,3,20.484375,-32.09375,-7.0,Cywee Magnetic field Sensor
1556102443765,3,-8.8203125,-2.0332031,2.5488281,Cywee Accelerometer Sensor
1556102443765,3,-9.625,-2.125,2.4335938,Cywee Accelerometer Sensor
1556102443766,3,-9.0390625,-3.1738281,1.9775391,Cywee Accelerometer Sensor
1556102443768,3,-8.6875,-4.5507812,1.4003906,Cywee Accelerometer Sensor
1556102443769,3,-8.2578125,-4.9335938,0.87109375,Cywee Accelerometer Sensor
1556102443769,3,-8.4609375,-4.203125,1.0341797,Cywee Accelerometer Sensor
1556102443770,3,-9.4375,-3.2988281,1.3046875,Cywee Accelerometer Sensor
1556102443770,3,-10.296875,-3.1464844,0.9765625,Cywee Accelerometer Sensor
1556102443771,3,0.45874023,0.6459961,0.54833984,Cywee Gyroscope Sensor
1556102443771,3,-7.2265625,3.4609375,-4.375,Cywee Linear Acceleration
1556102443771,5,-0.640625,-0.16064453,0.734375,0.156481,0.0,Cywee Rotation Vector
1556102443772,3,-9.5625,-3.5742188,0.9428711,Cywee Accelerometer Sensor
1556102443772,3,-8.1796875,-3.8945312,1.1699219,Cywee Accelerometer Sensor
1556102443772,3,21.0,-32.375,-2.5,Cywee Magnetic field Sensor
1556102443773,3,-6.9882812,-3.6484375,1.1914062,Cywee Accelerometer Sensor
1556102443773,3,-6.9179688,-2.9511719,1.03125,Cywee Accelerometer Sensor
1556102443773,3,-8.875,-2.3691406,0.5048828,Cywee Accelerometer Sensor
1556102443773,3,-12.296875,-2.1171875,-0.17712402,Cywee Accelerometer Sensor
1556102443774,3,-12.4296875,-2.0292969,0.16516113,Cywee Accelerometer Sensor
1556102443774,3,-8.875,-1.9941406,1.3095703,Cywee Accelerometer Sensor
1556102443774,3,-6.8203125,-2.7363281,1.8330078,Cywee Accelerometer Sensor
1556102443775,3,-7.390625,-3.8554688,1.4716797,Cywee Accelerometer Sensor
1556102443775,3,-2.3535156,-0.6191406,-0.21118164,Cywee Gyroscope Sensor
1556102443775,3,-5.4882812,3.2675781,-4.484375,Cywee Linear Acceleration
1556102443775,5,-0.6191406,-0.17712402,0.7397461,0.19510946,0.0,Cywee Rotation Vector
1556102443776,3,-8.453125,-4.3984375,1.2177734,Cywee Accelerometer Sensor
1556102443776,3,-8.6640625,-4.0351562,1.3134766,Cywee Accelerometer Sensor
1556102443776,3,21.859375,-30.890625,-7.0,Cywee Magnetic field Sensor
1556102443777,3,-8.546875,-3.5488281,0.99316406,Cywee Accelerometer Sensor
1556102443777,3,-8.15625,-3.3886719,0.5957031,Cywee Accelerometer Sensor
1556102443777,3,-7.0742188,-2.6992188,0.6220703,Cywee Accelerometer Sensor
1556102443781,3,-5.8242188,-1.4287109,1.0292969,Cywee Accelerometer Sensor
1556102443782,3,-4.9140625,0.07421875,1.8242188,Cywee Accelerometer Sensor
1556102443782,3,-5.171875,0.37817383,2.3574219,Cywee Accelerometer Sensor
1556102443782,3,-6.9257812,0.12445068,2.2285156,Cywee Accelerometer Sensor
1556102443783,3,-10.3984375,-1.15625,2.3652344,Cywee Accelerometer Sensor
1556102443783,3,0.049072266,-1.3632812,-1.2783203,Cywee Gyroscope Sensor
1556102443783,3,-10.859375,5.7734375,-4.140625,Cywee Linear Acceleration
1556102443783,5,-0.5683594,-0.23669434,0.77001953,0.16737188,0.0,Cywee Rotation Vector
1556102443784,3,-15.7421875,-3.2597656,2.0410156,Cywee Accelerometer Sensor
1556102443784,3,-20.828125,-5.2695312,1.5917969,Cywee Accelerometer Sensor
1556102443784,3,23.59375,-29.6875,-11.796875,Cywee Magnetic field Sensor
1556102443796,3,-22.921875,-8.21875,0.72753906,Cywee Accelerometer Sensor
1556102443800,3,-25.265625,-14.4296875,3.6757812,Cywee Accelerometer Sensor
1556102443803,3,-21.421875,-15.75,8.9609375,Cywee Accelerometer Sensor
1556102443808,3,-21.71875,-15.1328125,7.5703125,Cywee Accelerometer Sensor
1556102443811,3,-20.125,-11.875,6.1289062,Cywee Accelerometer Sensor
1556102443814,3,-20.125,-11.875,6.1289062,Cywee Accelerometer Sensor
1556102443819,3,-16.609375,-14.03125,0.18432617,Cywee Accelerometer Sensor
1556102443821,3,-14.4765625,-13.078125,-4.7617188,Cywee Accelerometer Sensor
1556102443822,3,-2.7519531,-0.045532227,0.4909668,Cywee Gyroscope Sensor
1556102443824,3,-11.484375,-3.5117188,-14.8515625,Cywee Linear Acceleration
1556102443881,5,-0.42993164,-0.33520508,0.8208008,0.17053568,0.0,Cywee Rotation Vector
1556102443893,3,-6.234375,-12.8359375,-5.03125,Cywee Accelerometer Sensor
1556102443909,3,10.7890625,-6.4960938,0.35424805,Cywee Accelerometer Sensor
1556102443910,3,22.21875,-23.6875,-22.0,Cywee Magnetic field Sensor
1556102443912,3,16.484375,2.5527344,-2.953125,Cywee Accelerometer Sensor
1556102443914,3,15.40625,3.3632812,-2.4355469,Cywee Accelerometer Sensor
1556102443919,3,11.984375,2.1972656,-2.0742188,Cywee Accelerometer Sensor
1556102443923,3,10.3671875,-2.1054688,-1.3017578,Cywee Accelerometer Sensor
1556102443924,3,8.8203125,-4.7734375,0.105285645,Cywee Accelerometer Sensor
1556102443926,3,3.6972656,-5.7695312,2.6113281,Cywee Accelerometer Sensor
1556102443928,3,-0.28955078,-4.4765625,2.7519531,Cywee Accelerometer Sensor
1556102443930,3,-4.0742188,-4.1640625,1.1318359,Cywee Accelerometer Sensor
1556102443934,3,-0.93066406,0.8588867,2.1445312,Cywee Gyroscope Sensor
1556102443938,3,-3.3652344,2.921875,-3.3144531,Cywee Linear Acceleration
1556102443940,5,0.5576172,0.37329102,-0.74072266,0.03235485,0.0,Cywee Rotation Vector
1556102443997,3,-7.140625,-5.3671875,2.6484375,Cywee Accelerometer Sensor
1556102444008,3,-6.34375,-4.7421875,2.9277344,Cywee Accelerometer Sensor
1556102444009,3,16.671875,-23.6875,-28.59375,Cywee Magnetic field Sensor
1556102444014,3,-3.3320312,-3.8945312,2.6992188,Cywee Accelerometer Sensor
1556102444209,3,-1.7880859,-2.8261719,2.015625,Cywee Accelerometer Sensor
1556102444210,3,-1.6806641,-2.4882812,1.1582031,Cywee Accelerometer Sensor
1556102444211,3,-1.2441406,-1.4384766,0.9526367,Cywee Accelerometer Sensor
1556102444211,3,-0.6435547,-0.57177734,0.60546875,Cywee Accelerometer Sensor
1556102444211,3,0.60791016,-0.48828125,-0.20349121,Cywee Accelerometer Sensor
1556102444212,3,2.1796875,-1.6396484,-1.4023438,Cywee Accelerometer Sensor
1556102444212,3,4.6132812,-3.1621094,-0.99560547,Cywee Accelerometer Sensor
1556102444213,3,-3.859375,-1.4160156,-2.1328125,Cywee Gyroscope Sensor
1556102444213,3,6.9179688,4.6757812,-4.28125,Cywee Linear Acceleration
1556102444214,5,0.38110352,0.6118164,-0.6713867,0.17228079,0.0,Cywee Rotation Vector
1556102444214,3,5.734375,-6.640625,-0.47631836,Cywee Accelerometer Sensor
1556102444215,3,2.5625,-8.859375,-0.09814453,Cywee Accelerometer Sensor
1556102444215,3,11.4765625,-1.1992188,-38.1875,Cywee Magnetic field Sensor
1556102444216,3,-1.71875,-9.90625,-4.5273438,Cywee Accelerometer Sensor
1556102444216,3,-12.6328125,-20.359375,-3.1308594,Cywee Accelerometer Sensor
1556102444216,3,-26.09375,-30.421875,-2.8105469,Cywee Accelerometer Sensor
1556102444217,3,-25.328125,-27.453125,13.8828125,Cywee Accelerometer Sensor
1556102444217,3,-20.625,-20.296875,10.4765625,Cywee Accelerometer Sensor
1556102444218,3,-19.03125,-4.5859375,9.8515625,Cywee Accelerometer Sensor
1556102444218,3,-22.46875,-5.6640625,8.3671875,Cywee Accelerometer Sensor
1556102444219,3,-13.453125,-7.5039062,3.7226562,Cywee Accelerometer Sensor
1556102444219,3,-3.21875,-2.3417969,-2.3164062,Cywee Gyroscope Sensor
1556102444219,3,-10.84375,1.1669922,-5.0546875,Cywee Linear Acceleration
1556102444220,5,0.3815918,0.5878906,-0.7128906,0.023648897,0.0,Cywee Rotation Vector
1556102444221,3,-9.984375,-11.453125,-4.3476562,Cywee Accelerometer Sensor
1556102444222,3,-9.5390625,-11.515625,-5.7578125,Cywee Accelerometer Sensor
1556102444222,3,15.453125,-2.6992188,-35.5,Cywee Magnetic field Sensor
1556102444222,3,-8.6171875,-7.2578125,-3.765625,Cywee Accelerometer Sensor
1556102444223,3,-8.984375,-3.046875,-1.7373047,Cywee Accelerometer Sensor
1556102444226,3,-10.5703125,0.22497559,0.25854492,Cywee Accelerometer Sensor
1556102444227,3,-8.9140625,-0.9145508,2.0703125,Cywee Accelerometer Sensor
1556102444227,3,-7.703125,-3.4902344,2.8476562,Cywee Accelerometer Sensor
1556102444228,3,-7.2539062,-5.2226562,3.3105469,Cywee Accelerometer Sensor
1556102444228,3,-7.4296875,-4.328125,3.0488281,Cywee Accelerometer Sensor
1556102444228,3,-7.4453125,-2.7421875,1.6923828,Cywee Accelerometer Sensor
1556102444229,3,-0.7426758,-0.6347656,0.5024414,Cywee Gyroscope Sensor
1556102444229,3,-9.5078125,9.203125,-5.6289062,Cywee Linear Acceleration
1556102444230,5,-0.3059082,-0.53222656,0.7817383,0.10972838,0.0,Cywee Rotation Vector
1556102444231,3,-7.2148438,-2.0742188,0.29907227,Cywee Accelerometer Sensor
1556102444231,3,-7.3867188,-3.28125,0.052642822,Cywee Accelerometer Sensor
1556102444231,3,16.671875,-9.59375,-33.375,Cywee Magnetic field Sensor
1556102444232,3,-7.2382812,-4.6015625,0.8618164,Cywee Accelerometer Sensor
1556102444232,3,-6.3203125,-4.4140625,2.2441406,Cywee Accelerometer Sensor
1556102444233,3,-6.1601562,-3.5253906,2.78125,Cywee Accelerometer Sensor
1556102444233,3,-6.4921875,-3.109375,2.6054688,Cywee Accelerometer Sensor
1556102444234,3,-6.7617188,-3.3339844,2.1992188,Cywee Accelerometer Sensor
1556102444234,3,-7.125,-3.7539062,2.3027344,Cywee Accelerometer Sensor
1556102444235,3,-7.203125,-3.7050781,2.3710938,Cywee Accelerometer Sensor
1556102444235,3,-7.203125,-3.7050781,2.3710938,Cywee Accelerometer Sensor
1556102444235,3,0.5126953,1.1162109,1.9794922,Cywee Gyroscope Sensor
1556102444236,3,-8.1171875,7.3984375,-3.7050781,Cywee Linear Acceleration
1556102444236,5,-0.37036133,-0.5161133,0.7685547,0.07604775,0.0,Cywee Rotation Vector
1556102444237,3,-8.1015625,-3.2988281,1.8720703,Cywee Accelerometer Sensor
1556102444237,3,-9.5,-3.7617188,1.5273438,Cywee Accelerometer Sensor
1556102444238,3,19.265625,-17.390625,-30.6875,Cywee Magnetic field Sensor
1556102444238,3,-11.453125,-4.7773438,1.7587891,Cywee Accelerometer Sensor
1556102444239,3,-13.0625,-5.6835938,2.4238281,Cywee Accelerometer Sensor
1556102444241,3,-13.5625,-6.1835938,2.7363281,Cywee Accelerometer Sensor
1556102444242,3,-14.7578125,-6.7304688,2.1796875,Cywee Accelerometer Sensor
1556102444242,3,-12.90625,-5.625,1.3789062,Cywee Accelerometer Sensor
1556102444243,3,-8.3671875,-3.71875,0.57666016,Cywee Accelerometer Sensor
1556102444243,3,-7.0429688,-0.33276367,0.0023937225,Cywee Accelerometer Sensor
1556102444244,3,-10.2265625,-3.5273438,0.093322754,Cywee Accelerometer Sensor
1556102444244,3,-4.5585938,-0.97021484,1.2285156,Cywee Gyroscope Sensor
1556102444244,3,-7.7890625,1.3085938,-4.6171875,Cywee Linear Acceleration
1556102444245,5,0.5546875,0.4338379,-0.6777344,0.21161895,0.0,Cywee Rotation Vector
1556102444245,3,-11.7734375,-4.8203125,-0.9238281,Cywee Accelerometer Sensor
1556102444246,3,-10.84375,-6.125,-2.8476562,Cywee Accelerometer Sensor
1556102444246,3,10.7890625,-13.5,-37.0,Cywee Magnetic field Sensor
1556102444247,3,-8.6796875,-7.6054688,-1.8857422,Cywee Accelerometer Sensor
1556102444247,3,-7.2617188,-7.3867188,-1.1728516,Cywee Accelerometer Sensor
1556102444247,3,-7.28125,-6.859375,-0.60058594,Cywee Accelerometer Sensor
1556102444248,3,-7.2382812,-6.9960938,-0.8183594,Cywee Accelerometer Sensor
1556102444248,3,-7.0507812,-6.7578125,-1.0820312,Cywee Accelerometer Sensor
1556102444249,3,-6.953125,-6.0039062,-1.6826172,Cywee Accelerometer Sensor
1556102444249,3,-7.0507812,-5.65625,-1.9052734,Cywee Accelerometer Sensor
1556102444250,3,-7.6484375,-5.0859375,-1.7998047,Cywee Accelerometer Sensor
1556102444250,3,3.9804688,1.0205078,1.3720703,Cywee Gyroscope Sensor
1556102444251,3,-4.15625,-0.5385742,-5.5507812,Cywee Linear Acceleration
1556102444251,5,0.5878906,0.39941406,-0.6401367,0.29168135,0.0,Cywee Rotation Vector
1556102444252,3,-8.5234375,-4.4648438,-1.4101562,Cywee Accelerometer Sensor
1556102444252,3,-9.578125,-3.6914062,-1.0244141,Cywee Accelerometer Sensor
1556102444253,3,9.75,-24.890625,-31.0,Cywee Magnetic field Sensor
1556102444253,3,-10.1015625,-2.9179688,-0.5600586,Cywee Accelerometer Sensor
1556102444254,3,-10.1484375,-2.5410156,0.08618164,Cywee Accelerometer Sensor
1556102444256,3,-9.75,-2.6894531,0.7109375,Cywee Accelerometer Sensor
1556102444256,3,-9.15625,-3.1074219,1.1318359,Cywee Accelerometer Sensor
1556102444257,3,-9.0234375,-3.5859375,0.9526367,Cywee Accelerometer Sensor
1556102444257,3,-9.6171875,-4.0859375,0.2775879,Cywee Accelerometer Sensor
1556102444257,3,-9.828125,-4.4140625,-0.01914978,Cywee Accelerometer Sensor
1556102444258,3,-9.375,-4.5742188,0.22973633,Cywee Accelerometer Sensor
1556102444258,3,-0.80078125,-0.44458008,-1.3896484,Cywee Gyroscope Sensor
1556102444258,3,-5.4140625,0.29467773,-3.7089844,Cywee Linear Acceleration
1556102444258,5,0.60253906,0.37060547,-0.67285156,0.21649258,0.0,Cywee Rotation Vector
1556102444259,3,-9.0546875,-4.6601562,0.44995117,Cywee Accelerometer Sensor
1556102444259,3,-9.1953125,-4.6015625,0.39501953,Cywee Accelerometer Sensor
1556102444259,3,12.1640625,-22.5,-31.59375,Cywee Magnetic field Sensor
1556102444260,3,-9.2421875,-4.4492188,0.05984497,Cywee Accelerometer Sensor
1556102444260,3,-9.1875,-4.2421875,-0.04788208,Cywee Accelerometer Sensor
1556102444260,3,-9.3828125,-4.1445312,0.10290527,Cywee Accelerometer Sensor
1556102444261,3,-9.109375,-4.4257812,0.1315918,Cywee Accelerometer Sensor
1556102444261,3,-8.3515625,-4.4648438,-0.0,Cywee Accelerometer Sensor
1556102444261,3,-8.3515625,-4.1484375,0.5214844,Cywee Accelerometer Sensor
1556102444262,3,-8.7265625,-4.2148438,-0.04309082,Cywee Accelerometer Sensor
1556102444262,3,-9.203125,-3.4433594,0.01675415,Cywee Accelerometer Sensor
1556102444262,3,2.734375,0.75146484,-1.0234375,Cywee Gyroscope Sensor
1556102444262,3,-6.9335938,4.2929688,-4.53125,Cywee Linear Acceleration
1556102444263,5,0.54833984,0.40307617,-0.72998047,0.06309937,0.0,Cywee Rotation Vector
1556102444263,3,-9.609375,-3.7226562,0.4453125,Cywee Accelerometer Sensor
1556102444263,3,-9.515625,-4.0039062,0.19384766,Cywee Accelerometer Sensor
1556102444264,3,17.359375,-24.296875,-24.390625,Cywee Magnetic field Sensor
1556102444264,3,-9.109375,-4.4140625,-0.01675415,Cywee Accelerometer Sensor
1556102444264,3,-8.6484375,-4.3203125,-0.0335083,Cywee Accelerometer Sensor
1556102444267,3,-9.2578125,-2.3808594,-0.1986084,Cywee Accelerometer Sensor
1556102444268,3,-10.75,-1.3691406,0.00957489,Cywee Accelerometer Sensor
1556102444268,3,-11.21875,-0.93847656,0.28466797,Cywee Accelerometer Sensor
1556102444268,3,-9.9453125,-0.6894531,0.004787445,Cywee Accelerometer Sensor
1556102444269,3,-8.734375,-0.23693848,-0.20349121,Cywee Accelerometer Sensor
1556102444269,3,-9.0546875,-0.60302734,0.37573242,Cywee Accelerometer Sensor
1556102444269,3,0.28515625,-0.23596191,-0.2590332,Cywee Gyroscope Sensor
1556102444269,3,-7.671875,7.3984375,-5.9453125,Cywee Linear Acceleration
1556102444270,5,-0.5317383,-0.3010254,0.78564453,0.09695765,0.0,Cywee Rotation Vector
1556102444270,3,-9.8515625,-0.6796875,0.69873047,Cywee Accelerometer Sensor
1556102444271,3,-10.3984375,-0.23217773,0.89990234,Cywee Accelerometer Sensor
1556102444271,3,18.578125,-30.0,-17.5,Cywee Magnetic field Sensor
1556102444271,3,-10.3828125,0.035888672,0.5385742,Cywee Accelerometer Sensor
1556102444272,3,-10.0859375,-0.026321411,-0.265625,Cywee Accelerometer Sensor
1556102444272,3,-9.7265625,-0.60791016,-0.61279297,Cywee Accelerometer Sensor
1556102444272,3,-9.1953125,-0.90234375,0.035888672,Cywee Accelerometer Sensor
1556102444273,3,-8.5234375,-0.48339844,0.86621094,Cywee Accelerometer Sensor
1556102444273,3,-8.0703125,-0.60058594,1.78125,Cywee Accelerometer Sensor
1556102444273,3,-6.9882812,-0.27514648,1.921875,Cywee Accelerometer Sensor
1556102444273,3,-5.75,-0.07659912,1.4316406,Cywee Accelerometer Sensor
1556102444274,3,-0.95214844,-0.15515137,0.5419922,Cywee Gyroscope Sensor
1556102444274,3,-3.7519531,8.1328125,-5.4570312,Cywee Linear Acceleration
1556102444274,5,-0.5234375,-0.29296875,0.7939453,0.099163175,0.0,Cywee Rotation Vector
1556102444275,3,-5.5820312,0.23693848,1.359375,Cywee Accelerometer Sensor
1556102444275,3,-6.1914062,0.7421875,1.1699219,Cywee Accelerometer Sensor
1556102444275,3,16.84375,-29.09375,-17.5,Cywee Magnetic field Sensor
1556102444276,3,-7.8945312,1.7451172,0.890625,Cywee Accelerometer Sensor
1556102444276,3,-10.6796875,2.8261719,0.1005249,Cywee Accelerometer Sensor
1556102444278,3,-15.640625,1.7978516,0.45483398,Cywee Accelerometer Sensor
1556102444278,3,-20.203125,-0.8808594,0.72265625,Cywee Accelerometer Sensor
1556102444279,3,-22.890625,-3.0390625,1.3164062,Cywee Accelerometer Sensor
1556102444279,3,-24.390625,-4.0585938,0.15075684,Cywee Accelerometer Sensor
1556102444279,3,-26.359375,-4.2695312,0.6699219,Cywee Accelerometer Sensor
1556102444280,3,-26.625,-6.4921875,0.96484375,Cywee Accelerometer Sensor
1556102444280,3,-1.6865234,-0.55810547,0.07928467,Cywee Gyroscope Sensor
1556102444281,3,-23.4375,0.6352539,-3.921875,Cywee Linear Acceleration
1556102444281,5,0.5253906,0.39160156,-0.7495117,0.09404834,0.0,Cywee Rotation Vector
1556102444281,3,-25.40625,-6.5898438,2.4121094,Cywee Accelerometer Sensor
1556102444282,3,-24.875,-6.1367188,2.78125,Cywee Accelerometer Sensor
1556102444282,3,10.953125,-24.0,-31.296875,Cywee Magnetic field Sensor
1556102444282,3,-21.4375,-6.8828125,2.1640625,Cywee Accelerometer Sensor
1556102444282,3,-12.9765625,-8.4296875,2.8457031,Cywee Accelerometer Sensor
1556102444283,3,-2.4726562,-6.3359375,4.8867188,Cywee Accelerometer Sensor
1556102444283,3,6.4179688,-4.7734375,-2.2910156,Cywee Accelerometer Sensor
1556102444283,3,10.125,-6.1523438,-5.1289062,Cywee Accelerometer Sensor
1556102444284,3,10.125,-6.1523438,-5.1289062,Cywee Accelerometer Sensor
1556102444284,3,3.6757812,-8.46875,1.0527344,Cywee Accelerometer Sensor
1556102444284,3,5.2265625,-3.5644531,0.36621094,Cywee Accelerometer Sensor
1556102444284,3,3.5332031,0.8769531,2.4550781,Cywee Gyroscope Sensor
1556102444285,3,7.421875,3.6953125,-7.234375,Cywee Linear Acceleration
1556102444285,5,0.48339844,0.4020996,-0.7294922,0.26922667,0.0,Cywee Rotation Vector
1556102444285,3,1.9677734,-1.4140625,-2.5,Cywee Accelerometer Sensor
1556102444286,3,-2.90625,-2.2226562,-3.6542969,Cywee Accelerometer Sensor
1556102444286,3,3.5097656,-24.59375,-31.59375,Cywee Magnetic field Sensor
1556102444287,3,-5.8359375,-2.4648438,-2.0078125,Cywee Accelerometer Sensor
1556102444289,3,-6.8828125,0.7036133,0.2705078,Cywee Accelerometer Sensor
1556102444289,3,-2.9394531,0.5361328,1.7070312,Cywee Accelerometer Sensor
1556102444290,3,-0.6699219,-1.9550781,2.2382812,Cywee Accelerometer Sensor
1556102444290,3,-0.265625,-2.8066406,1.5537109,Cywee Accelerometer Sensor
1556102444290,3,-0.16040039,-1.8095703,-0.105285645,Cywee Accelerometer Sensor
1556102444291,3,-0.4309082,-1.0556641,-0.63183594,Cywee Accelerometer Sensor
1556102444291,3,-0.72021484,-1.8642578,-0.42114258,Cywee Accelerometer Sensor
1556102444291,3,-0.890625,0.2607422,-2.3046875,Cywee Gyroscope Sensor
1556102444292,3,2.7988281,2.9960938,-5.75,Cywee Linear Acceleration
1556102444292,5,0.52001953,0.40844727,-0.6826172,0.31110173,0.0,Cywee Rotation Vector
1556102444292,3,-0.7753906,-1.5673828,-0.5957031,Cywee Accelerometer Sensor
1556102444292,3,-0.7753906,-1.1777344,-0.9121094,Cywee Accelerometer Sensor
1556102444293,3,5.7578125,-18.296875,-36.09375,Cywee Magnetic field Sensor
1556102444293,3,-0.57666016,-1.0839844,0.34936523,Cywee Accelerometer Sensor
1556102444293,3,-2.1640625,-0.9863281,0.28466797,Cywee Accelerometer Sensor
1556102444294,3,-8.5390625,-4.3164062,-3.0175781,Cywee Accelerometer Sensor
1556102444294,3,-28.328125,-12.953125,-10.1171875,Cywee Accelerometer Sensor
1556102444294,3,-29.421875,-17.265625,-2.953125,Cywee Accelerometer Sensor
1556102444294,3,-18.46875,-9.4765625,6.0898438,Cywee Accelerometer Sensor
1556102444295,3,-19.15625,-7.09375,2.5136719,Cywee Accelerometer Sensor
1556102444295,3,-23.328125,-6.1132812,-1.4912109,Cywee Accelerometer Sensor
1556102444295,3,8.8359375,4.8789062,-0.043060303,Cywee Gyroscope Sensor
1556102444296,3,-23.015625,0.076416016,-8.2890625,Cywee Linear Acceleration
1556102444296,5,0.6147461,0.3544922,-0.6977539,0.09778556,0.0,Cywee Rotation Vector
1556102444297,3,-26.671875,-6.8398438,-5.8789062,Cywee Accelerometer Sensor
1556102444297,3,-18.234375,-4.3085938,-3.8066406,Cywee Accelerometer Sensor
1556102444297,3,16.671875,-32.09375,-16.0,Cywee Magnetic field Sensor
1556102444298,3,-15.7265625,-2.3886719,-3.9257812,Cywee Accelerometer Sensor
1556102444298,3,-12.5390625,-1.09375,-7.1289062,Cywee Accelerometer Sensor
1556102444301,3,-9.0,8.875,-8.8203125,Cywee Accelerometer Sensor
1556102444301,3,-10.2265625,8.78125,-2.5097656,Cywee Accelerometer Sensor
1556102444301,3,-9.796875,5.5898438,0.7636719,Cywee Accelerometer Sensor
1556102444302,3,-9.328125,-0.6176758,0.0143585205,Cywee Accelerometer Sensor
1556102444302,3,-6.1015625,-0.23693848,-1.5771484,Cywee Accelerometer Sensor
1556102444302,3,-5.328125,0.9765625,-1.9150391,Cywee Accelerometer Sensor
1556102444303,3,-1.3681641,-1.8095703,-0.85253906,Cywee Gyroscope Sensor
1556102444303,3,-3.8984375,6.3671875,-11.0078125,Cywee Linear Acceleration
1556102444304,5,-0.52978516,0.0158844,0.7607422,0.37462875,0.0,Cywee Rotation Vector
1556102444304,3,-6.7539062,-0.86865234,-2.859375,Cywee Accelerometer Sensor
1556102444305,3,-7.1914062,-1.9775391,-2.7714844,Cywee Accelerometer Sensor
1556102444305,3,25.328125,-28.5,6.796875,Cywee Magnetic field Sensor
1556102444305,3,-8.7421875,-3.6855469,-1.8623047,Cywee Accelerometer Sensor
1556102444306,3,-12.4921875,-5.3710938,-0.7705078,Cywee Accelerometer Sensor
1556102444306,3,-12.7734375,-5.3867188,1.7041016,Cywee Accelerometer Sensor
1556102444306,3,-8.1328125,-3.4355469,4.4375,Cywee Accelerometer Sensor
1556102444307,3,-7.7265625,-3.3457031,2.1875,Cywee Accelerometer Sensor
1556102444307,3,-7.3789062,-3.421875,0.18908691,Cywee Accelerometer Sensor
1556102444307,3,-5.6523438,-2.9414062,-0.5048828,Cywee Accelerometer Sensor
1556102444308,3,-5.03125,-3.0703125,-0.4140625,Cywee Accelerometer Sensor
1556102444308,3,-1.1953125,0.3959961,-0.41870117,Cywee Gyroscope Sensor
1556102444308,3,-5.1835938,5.9375,-8.1171875,Cywee Linear Acceleration
1556102444308,5,-0.5332031,-0.1796875,0.72021484,0.40582928,0.0,Cywee Rotation Vector
1556102444309,3,-6.2773438,-3.7324219,-0.296875,Cywee Accelerometer Sensor
1556102444309,3,-7.9726562,-4.6445312,-0.1484375,Cywee Accelerometer Sensor
1556102444309,3,29.65625,-23.6875,3.5,Cywee Magnetic field Sensor
1556102444310,3,-8.296875,-5.3164062,0.44750977,Cywee Accelerometer Sensor
1556102444310,3,-7.484375,-5.3398438,1.0771484,Cywee Accelerometer Sensor
1556102444312,3,-7.515625,-5.1289062,1.0869141,Cywee Accelerometer Sensor
1556102444315,3,-7.859375,-4.984375,0.9716797,Cywee Accelerometer Sensor
1556102444316,3,-8.515625,-4.6953125,0.78515625,Cywee Accelerometer Sensor
1556102444316,3,-9.0390625,-4.15625,0.9550781,Cywee Accelerometer Sensor
1556102444317,3,-9.6484375,-3.6699219,0.9428711,Cywee Accelerometer Sensor
1556102444317,3,-9.6484375,-3.6699219,0.9428711,Cywee Accelerometer Sensor
1556102444317,3,2.4355469,1.9375,2.5566406,Cywee Gyroscope Sensor
1556102444318,3,-7.3945312,3.3496094,-6.1054688,Cywee Linear Acceleration
1556102444318,5,-0.59228516,0.013977051,0.70214844,0.3949563,0.0,Cywee Rotation Vector
1556102444318,3,-9.84375,-2.3027344,0.028717041,Cywee Accelerometer Sensor
1556102444319,3,-11.6953125,-2.8847656,5.2617188,Cywee Accelerometer Sensor
1556102444319,3,17.1875,-29.6875,20.296875,Cywee Magnetic field Sensor
1556102444319,3,-10.765625,-1.9794922,4.7421875,Cywee Accelerometer Sensor
1556102444319,3,-11.453125,-5.3320312,0.6196289,Cywee Accelerometer Sensor
1556102444321,3,-9.9375,-6.3046875,-0.9165039,Cywee Accelerometer Sensor
1556102444322,3,-7.234375,-2.96875,2.3085938,Cywee Accelerometer Sensor
1556102444325,3,-8.6171875,0.8378906,3.6113281,Cywee Accelerometer Sensor
1556102444326,3,-11.078125,-1.4003906,2.1269531,Cywee Accelerometer Sensor
1556102444327,3,-10.1015625,-4.3320312,1.0244141,Cywee Accelerometer Sensor
1556102444327,3,-8.2265625,-5.859375,0.4428711,Cywee Accelerometer Sensor
1556102444328,3,-2.2460938,-1.5566406,-2.7539062,Cywee Gyroscope Sensor
1556102444328,3,-4.296875,0.28295898,-6.1757812,Cywee Linear Acceleration
1556102444329,5,-0.6142578,0.003074646,0.7290039,0.302045,0.0,Cywee Rotation Vector
1556102444329,3,-6.6171875,-5.4804688,0.43310547,Cywee Accelerometer Sensor
1556102444330,3,-6.2617188,-5.2070312,0.7158203,Cywee Accelerometer Sensor
1556102444330,3,20.296875,-32.6875,11.8984375,Cywee Magnetic field Sensor
1556102444331,3,-8.4765625,-4.8828125,0.72998047,Cywee Accelerometer Sensor
1556102444331,3,-10.59375,-3.9140625,0.33032227,Cywee Accelerometer Sensor
1556102444331,3,-11.046875,-3.0703125,0.17236328,Cywee Accelerometer Sensor
1556102444332,3,-9.703125,-3.1230469,0.4453125,Cywee Accelerometer Sensor
1556102444332,3,-8.4296875,-4.1015625,0.76123047,Cywee Accelerometer Sensor
1556102444332,3,-7.4335938,-4.7851562,1.1367188,Cywee Accelerometer Sensor
1556102444333,3,-6.8710938,-5.1132812,1.0263672,Cywee Accelerometer Sensor
1556102444333,3,-7.4414062,-5.0390625,0.6723633,Cywee Accelerometer Sensor
1556102444334,3,2.5546875,0.52441406,-0.50341797,Cywee Gyroscope Sensor
1556102444334,3,-4.9804688,0.87060547,-6.8085938,Cywee Linear Acceleration
1556102444334,5,-0.57470703,0.09082031,0.7109375,0.39500806,0.0,Cywee Rotation Vector
1556102444334,3,-8.3203125,-4.6484375,0.4189453,Cywee Accelerometer Sensor
1556102444335,3,-9.046875,-3.9609375,0.5551758,Cywee Accelerometer Sensor
1556102444337,3,19.4375,-24.890625,23.0,Cywee Magnetic field Sensor
1556102444338,3,-9.71875,-3.5898438,0.48828125,Cywee Accelerometer Sensor
1556102444338,3,-10.125,-3.3085938,1.265625,Cywee Accelerometer Sensor
1556102444339,3,-9.8359375,-2.796875,2.5,Cywee Accelerometer Sensor
1556102444339,3,-10.1640625,-3.0585938,2.515625,Cywee Accelerometer Sensor
1556102444340,3,-10.3203125,-3.4160156,2.1035156,Cywee Accelerometer Sensor
1556102444340,3,-10.8125,-3.8730469,2.2773438,Cywee Accelerometer Sensor
1556102444341,3,-10.5,-3.6757812,3.8339844,Cywee Accelerometer Sensor
1556102444341,3,-9.40625,-3.4804688,4.1054688,Cywee Accelerometer Sensor
1556102444342,3,2.7089844,-0.38183594,-1.5673828,Cywee Gyroscope Sensor
1556102444342,3,-5.8789062,0.4675293,-5.4921875,Cywee Linear Acceleration
1556102444343,5,-0.3857422,0.31982422,0.5498047,0.668304,0.0,Cywee Rotation Vector
1556102444343,3,-7.7851562,-3.78125,3.1386719,Cywee Accelerometer Sensor
1556102444344,3,-7.7851562,-4.8710938,2.8691406,Cywee Accelerometer Sensor
1556102444344,3,23.078125,2.3984375,29.296875,Cywee Magnetic field Sensor
1556102444345,3,-7.9023438,-7.5859375,2.3964844,Cywee Accelerometer Sensor
1556102444345,3,-7.5507812,-7.8242188,2.5371094,Cywee Accelerometer Sensor
1556102444346,3,-8.4140625,-6.9804688,4.0625,Cywee Accelerometer Sensor
1556102444346,3,-9.0390625,-5.3164062,4.6015625,Cywee Accelerometer Sensor
1556102444347,3,-8.453125,-4.4375,4.265625,Cywee Accelerometer Sensor
1556102444347,3,-7.4140625,-5.1328125,4.0859375,Cywee Accelerometer Sensor
1556102444348,3,-7.171875,-5.4375,4.1171875,Cywee Accelerometer Sensor
1556102444348,3,-7.2773438,-4.921875,4.8125,Cywee Accelerometer Sensor
1556102444348,3,3.5136719,-0.29541016,-3.3222656,Cywee Gyroscope Sensor
1556102444349,3,-6.5820312,0.37890625,-5.953125,Cywee Linear Acceleration
1556102444349,5,-0.22631836,0.31176758,0.23498535,0.8923917,0.0,Cywee Rotation Vector
1556102444350,3,-7.3164062,-4.6601562,5.6132812,Cywee Accelerometer Sensor
1556102444351,3,-7.6132812,-5.265625,6.8125,Cywee Accelerometer Sensor
1556102444351,3,11.828125,30.0,14.0,Cywee Magnetic field Sensor
1556102444352,3,-7.671875,-5.5664062,7.5,Cywee Accelerometer Sensor
1556102444355,3,-7.328125,-4.7539062,7.3007812,Cywee Accelerometer Sensor
1556102444357,3,-6.7460938,-3.640625,7.0664062,Cywee Accelerometer Sensor
1556102444358,3,-6.0859375,-3.3457031,7.0117188,Cywee Accelerometer Sensor
1556102444358,3,-5.609375,-3.8613281,7.0117188,Cywee Accelerometer Sensor
1556102444359,3,-4.9023438,-3.2988281,6.5742188,Cywee Accelerometer Sensor
1556102444362,3,-4.4921875,-2.7597656,6.625,Cywee Accelerometer Sensor
1556102444362,3,-3.8066406,-2.59375,6.6640625,Cywee Accelerometer Sensor
1556102444363,3,1.1113281,-1.1904297,-2.1113281,Cywee Gyroscope Sensor
1556102444363,3,-5.5273438,2.1992188,-5.9726562,Cywee Linear Acceleration
1556102444364,5,-0.10650635,0.2043457,-0.08862305,0.96904343,0.0,Cywee Rotation Vector
1556102444364,3,-3.0253906,-2.9511719,7.1289062,Cywee Accelerometer Sensor
1556102444365,3,-2.7324219,-3.0351562,7.71875,Cywee Accelerometer Sensor
1556102444365,3,-7.046875,36.28125,0.5,Cywee Magnetic field Sensor
1556102444366,3,-2.640625,-2.4355469,7.8554688,Cywee Accelerometer Sensor
1556102444366,3,-2.3769531,-2.0917969,8.3046875,Cywee Accelerometer Sensor
1556102444366,3,-2.0332031,-2.3125,8.0859375,Cywee Accelerometer Sensor
1556102444367,3,-1.9433594,-2.8691406,8.21875,Cywee Accelerometer Sensor
1556102444367,3,-1.8144531,-2.6347656,8.9140625,Cywee Accelerometer Sensor
1556102444367,3,-1.5654297,-1.6083984,9.1953125,Cywee Accelerometer Sensor
1556102444367,3,-1.3447266,-1.5322266,9.375,Cywee Accelerometer Sensor
1556102444368,3,-0.9526367,-2.1914062,9.6484375,Cywee Accelerometer Sensor
1556102444368,3,0.5395508,-0.6201172,-0.6303711,Cywee Gyroscope Sensor
1556102444368,3,-4.8867188,1.3164062,-4.1328125,Cywee Linear Acceleration
1556102444369,5,-0.050750732,0.10247803,-0.2097168,0.97105175,0.0,Cywee Rotation Vector
1556102444369,3,-0.46679688,-2.7050781,9.28125,Cywee Accelerometer Sensor
1556102444369,3,0.55029297,-1.8330078,8.8359375,Cywee Accelerometer Sensor
1556102444370,3,-14.1484375,34.78125,-4.0,Cywee Magnetic field Sensor
1556102444370,3,0.49316406,-1.5058594,9.53125,Cywee Accelerometer Sensor
1556102444371,3,0.48339844,-2.1210938,9.5390625,Cywee Accelerometer Sensor
1556102444371,3,1.2734375,-2.2929688,8.484375,Cywee Accelerometer Sensor
1556102444371,3,1.5292969,-0.5673828,8.640625,Cywee Accelerometer Sensor
1556102444372,3,-0.23937988,-1.3789062,8.4609375,Cywee Accelerometer Sensor
1556102444372,3,1.8144531,-3.2382812,7.5117188,Cywee Accelerometer Sensor
1556102444372,3,2.6582031,-0.9667969,8.4609375,Cywee Accelerometer Sensor
1556102444372,3,1.6035156,-0.5097656,9.2890625,Cywee Accelerometer Sensor
1556102444373,3,1.2041016,0.16088867,0.71972656,Cywee Gyroscope Sensor
1556102444373,3,-3.1757812,1.6445312,-4.4570312,Cywee Linear Acceleration
1556102444373,5,0.031311035,0.06561279,-0.23449707,0.9693945,0.0,Cywee Rotation Vector
1556102444374,3,1.2685547,-0.35424805,9.21875,Cywee Accelerometer Sensor
1556102444374,3,-0.25610352,0.66552734,9.171875,Cywee Accelerometer Sensor
1556102444374,3,-16.046875,33.59375,-9.6953125,Cywee Magnetic field Sensor
1556102444375,3,0.8925781,-0.057434082,9.0234375,Cywee Accelerometer Sensor
1556102444375,3,2.7929688,0.11010742,9.21875,Cywee Accelerometer Sensor
1556102444376,3,1.5722656,-1.2177734,8.8984375,Cywee Accelerometer Sensor
1556102444376,3,1.7714844,-0.81640625,9.2109375,Cywee Accelerometer Sensor
1556102444376,3,1.7207031,1.5654297,10.109375,Cywee Accelerometer Sensor
1556102444377,3,1.7207031,1.5654297,10.109375,Cywee Accelerometer Sensor
1556102444377,3,2.0273438,-2.1914062,9.296875,Cywee Accelerometer Sensor
1556102444377,3,2.1484375,-0.6557617,9.40625,Cywee Accelerometer Sensor
1556102444377,3,-0.025405884,0.13952637,0.01651001,Cywee Gyroscope Sensor
1556102444378,3,-2.9179688,1.6904297,-4.265625,Cywee Linear Acceleration
1556102444378,5,0.0014619827,0.045806885,-0.24499512,0.9684405,0.0,Cywee Rotation Vector
1556102444378,3,1.9550781,-1.8789062,9.4765625,Cywee Accelerometer Sensor
1556102444379,3,1.6416016,-0.9741211,10.1328125,Cywee Accelerometer Sensor
1556102444379,3,-15.5390625,33.59375,-7.0,Cywee Magnetic field Sensor
1556102444379,3,1.3427734,-0.7109375,10.125,Cywee Accelerometer Sensor
1556102444380,3,1.4316406,-0.19384766,9.6875,Cywee Accelerometer Sensor
1556102444380,3,1.4746094,-0.74902344,9.71875,Cywee Accelerometer Sensor
1556102444380,3,1.3642578,-1.03125,9.8046875,Cywee Accelerometer Sensor
1556102444381,3,1.2617188,-0.7705078,10.1640625,Cywee Accelerometer Sensor
1556102444381,3,1.3261719,-0.8544922,10.1953125,Cywee Accelerometer Sensor
1556102444381,3,1.390625,-1.2705078,9.9140625,Cywee Accelerometer Sensor
1556102444382,3,1.3974609,-1.3574219,9.765625,Cywee Accelerometer Sensor
1556102444382,3,-0.40405273,-0.09765625,-0.18347168,Cywee Gyroscope Sensor
1556102444385,3,-3.2988281,1.6347656,-4.03125,Cywee Linear Acceleration
1556102444386,5,-0.0074005127,0.06591797,-0.265625,0.96179175,0.0,Cywee Rotation Vector
1556102444387,3,1.2226562,-1.5273438,9.78125,Cywee Accelerometer Sensor
1556102444387,3,1.0888672,-1.3232422,9.7890625,Cywee Accelerometer Sensor
1556102444388,3,-16.40625,32.09375,-7.296875,Cywee Magnetic field Sensor
1556102444388,3,1.3447266,-1.296875,9.5546875,Cywee Accelerometer Sensor
1556102444388,3,1.4433594,-1.3525391,9.421875,Cywee Accelerometer Sensor
1556102444388,3,1.4003906,-1.5361328,9.3828125,Cywee Accelerometer Sensor
1556102444389,3,1.1435547,-0.89746094,9.71875,Cywee Accelerometer Sensor
1556102444389,3,1.0957031,-0.64160156,9.6015625,Cywee Accelerometer Sensor
1556102444389,3,1.1220703,-0.72021484,9.4765625,Cywee Accelerometer Sensor
1556102444390,3,1.2900391,-1.1298828,9.2421875,Cywee Accelerometer Sensor
1556102444390,3,1.2421875,-3.0390625,8.7265625,Cywee Accelerometer Sensor
1556102444391,3,-0.1743164,0.15759277,-0.22607422,Cywee Gyroscope Sensor
1556102444391,3,-5.125,0.8535156,-4.7070312,Cywee Linear Acceleration
1556102444391,5,-0.05480957,-0.015365601,-0.24890137,0.9668547,0.0,Cywee Rotation Vector
1556102444392,1,2522.0,Cywee Step Counter
1556102444392,3,1.296875,-1.484375,9.8828125,Cywee Accelerometer Sensor
1556102444392,3,0.8642578,-0.7158203,10.3046875,Cywee Accelerometer Sensor
1556102444393,3,-17.4375,33.28125,-7.296875,Cywee Magnetic field Sensor
1556102444393,3,0.9814453,-1.0771484,10.40625,Cywee Accelerometer Sensor
1556102444393,3,1.0986328,-1.8642578,9.84375,Cywee Accelerometer Sensor
1556102444393,3,1.0126953,-2.2519531,9.5859375,Cywee Accelerometer Sensor
1556102444394,3,0.9863281,-2.1914062,9.8984375,Cywee Accelerometer Sensor
1556102444394,3,0.6772461,-2.8125,9.8828125,Cywee Accelerometer Sensor
1556102444395,3,1.0429688,-0.2824707,10.59375,Cywee Accelerometer Sensor
1556102444395,3,0.57910156,-1.3232422,9.9765625,Cywee Accelerometer Sensor
1556102444395,3,1.0625,-1.6582031,9.59375,Cywee Accelerometer Sensor
1556102444396,3,-0.03817749,-0.072143555,-0.0079574585,Cywee Gyroscope Sensor
1556102444396,3,-5.3242188,2.1503906,-4.203125,Cywee Linear Acceleration
1556102444396,5,-0.05709839,-0.01348114,-0.23803711,0.96948254,0.0,Cywee Rotation Vector
1556102444397,3,0.9814453,-1.6992188,9.5546875,Cywee Accelerometer Sensor
1556102444397,3,0.98876953,-1.9365234,9.6171875,Cywee Accelerometer Sensor
1556102444397,3,-15.1875,33.59375,-5.796875,Cywee Magnetic field Sensor
1556102444397,3,0.95996094,-1.6660156,9.9609375,Cywee Accelerometer Sensor
1556102444398,3,0.93359375,-1.5800781,9.9921875,Cywee Accelerometer Sensor
1556102444398,3,0.81640625,-1.7041016,9.703125,Cywee Accelerometer Sensor
1556102444398,3,0.9453125,-1.7685547,9.6796875,Cywee Accelerometer Sensor
1556102444399,3,0.7993164,-1.9960938,9.734375,Cywee Accelerometer Sensor
1556102444399,3,0.87597656,-1.75,10.0078125,Cywee Accelerometer Sensor
1556102444399,3,0.8496094,-1.9296875,9.7109375,Cywee Accelerometer Sensor
1556102444400,3,0.87109375,-1.7304688,9.5859375,Cywee Accelerometer Sensor
1556102444400,3,0.03842163,0.10656738,0.011192322,Cywee Gyroscope Sensor
1556102444401,3,-5.8828125,2.4628906,-4.1289062,Cywee Linear Acceleration
1556102444401,5,-0.08557129,-0.020263672,-0.21875,0.97181034,0.0,Cywee Rotation Vector
1556102444401,3,0.7324219,-1.6708984,9.59375,Cywee Accelerometer Sensor
1556102444402,3,0.87353516,-1.5273438,9.6015625,Cywee Accelerometer Sensor
1556102444402,3,-15.015625,33.875,-7.8984375,Cywee Magnetic field Sensor
1556102444402,3,1.0126953,-1.8378906,9.625,Cywee Accelerometer Sensor
1556102444403,3,0.9692383,-1.6513672,9.7421875,Cywee Accelerometer Sensor
1556102444403,3,0.8881836,-1.6201172,9.78125,Cywee Accelerometer Sensor
1556102444403,3,0.84716797,-1.8378906,9.7890625,Cywee Accelerometer Sensor
1556102444404,3,0.7348633,-1.8115234,9.796875,Cywee Accelerometer Sensor
1556102444404,3,0.74658203,-1.6660156,9.765625,Cywee Accelerometer Sensor
1556102444405,3,0.8354492,-1.7470703,9.7265625,Cywee Accelerometer Sensor
1556102444405,3,0.8256836,-1.8720703,9.7421875,Cywee Accelerometer Sensor
1556102444405,3,0.5527344,-1.8691406,9.765625,Cywee Accelerometer Sensor
1556102444406,3,0.5527344,-1.8691406,9.765625,Cywee Accelerometer Sensor
1556102444406,3,0.5527344,-1.8691406,9.765625,Cywee Accelerometer Sensor
1556102444406,3,0.66552734,-1.8330078,9.796875,Cywee Accelerometer Sensor
1556102444407,3,-5.7421875,2.3925781,-3.9355469,Cywee Linear Acceleration
1556102444407,5,-0.089782715,-0.011253357,-0.21984863,0.9713285,0.0,Cywee Rotation Vector
1556102444407,3,0.66552734,-1.8935547,9.5546875,Cywee Accelerometer Sensor
1556102444408,3,0.8496094,-1.6923828,9.546875,Cywee Accelerometer Sensor
1556102444408,3,0.8618164,-1.5986328,9.546875,Cywee Accelerometer Sensor
1556102444408,3,0.78271484,-1.5390625,9.5625,Cywee Accelerometer Sensor
1556102444409,3,-15.8828125,34.78125,-5.1992188,Cywee Magnetic field Sensor
1556102444409,3,0.8544922,-1.6201172,9.578125,Cywee Accelerometer Sensor
1556102444409,3,0.96484375,-1.8984375,9.6484375,Cywee Accelerometer Sensor
1556102444410,3,0.7944336,-1.8720703,9.6953125,Cywee Accelerometer Sensor
1556102444410,3,0.7373047,-1.7373047,9.6875,Cywee Accelerometer Sensor
1556102444410,3,0.69873047,-1.7021484,9.7578125,Cywee Accelerometer Sensor
1556102444419,3,0.69628906,-1.9365234,9.734375,Cywee Accelerometer Sensor
1556102444420,3,0.7158203,-2.1757812,9.703125,Cywee Accelerometer Sensor
1556102444421,3,0.5527344,-2.2734375,9.59375,Cywee Accelerometer Sensor
1556102444421,3,-0.28710938,-0.07745361,0.032470703,Cywee Gyroscope Sensor
1556102444445,3,0.6870117,-2.6855469,9.515625,Cywee Accelerometer Sensor
1556102444446,3,0.8833008,-3.0351562,9.390625,Cywee Accelerometer Sensor
1556102444450,3,0.92871094,-3.0078125,9.390625,Cywee Accelerometer Sensor
